


ARM Macro Assembler    Page 1 


    1 00000000         ;*******************************************************
                       *************************
    2 00000000         ;* File Name          : startup_stm32h743xx.s
    3 00000000         ;* @author  MCD Application Team
    4 00000000         ;* Description        : STM32H7xx devices vector table f
                       or MDK-ARM toolchain. 
    5 00000000         ;*                      This module performs:
    6 00000000         ;*                      - Set the initial SP
    7 00000000         ;*                      - Set the initial PC == Reset_Ha
                       ndler
    8 00000000         ;*                      - Set the vector table entries w
                       ith the exceptions ISR address
    9 00000000         ;*                      - Branches to __main in the C li
                       brary (which eventually
   10 00000000         ;*                        calls main()).
   11 00000000         ;*                      After Reset the Cortex-M process
                       or is in Thread mode,
   12 00000000         ;*                      priority is Privileged, and the 
                       Stack is set to Main.
   13 00000000         ;* <<< Use Configuration Wizard in Context Menu >>>   
   14 00000000         ;*******************************************************
                       ***********************
   15 00000000         ;* @attention
   16 00000000         ;*
   17 00000000         ;* Copyright (c) 2017 STMicroelectronics.
   18 00000000         ;* All rights reserved.
   19 00000000         ;*
   20 00000000         ;* This software is licensed under terms that can be fou
                       nd in the LICENSE file
   21 00000000         ;* in the root directory of this software component.
   22 00000000         ;* If no LICENSE file comes with this software, it is pr
                       ovided AS-IS.
   23 00000000         ;*
   24 00000000         ;*******************************************************
                       ************************
   25 00000000         
   26 00000000         ; Amount of memory (in bytes) allocated for Stack
   27 00000000         ; Tailor this value to your application needs
   28 00000000         ; <h> Stack Configuration
   29 00000000         ;   <o> Stack Size (in Bytes) <0x0-0xFFFFFFFF:8>
   30 00000000         ; </h>
   31 00000000         
   32 00000000 00008000 
                       Stack_Size
                               EQU              0x00008000
   33 00000000         
   34 00000000                 AREA             STACK, NOINIT, READWRITE, ALIGN
=3
   35 00000000         Stack_Mem
                               SPACE            Stack_Size
   36 00008000         __initial_sp
   37 00008000         
   38 00008000         
   39 00008000         ; <h> Heap Configuration
   40 00008000         ;   <o>  Heap Size (in Bytes) <0x0-0xFFFFFFFF:8>
   41 00008000         ; </h>
   42 00008000         
   43 00008000 00004000 
                       Heap_Size



ARM Macro Assembler    Page 2 


                               EQU              0x000004000
   44 00008000         
   45 00008000                 AREA             HEAP, NOINIT, READWRITE, ALIGN=
3
   46 00000000         __heap_base
   47 00000000         Heap_Mem
                               SPACE            Heap_Size
   48 00004000         __heap_limit
   49 00004000         
   50 00004000                 PRESERVE8
   51 00004000                 THUMB
   52 00004000         
   53 00004000         
   54 00004000         ; Vector Table Mapped to Address 0 at Reset
   55 00004000                 AREA             RESET, DATA, READONLY
   56 00000000                 EXPORT           __Vectors
   57 00000000                 EXPORT           __Vectors_End
   58 00000000                 EXPORT           __Vectors_Size
   59 00000000         
   60 00000000 00000000 
                       __Vectors
                               DCD              __initial_sp ; Top of Stack
   61 00000004 00000000        DCD              Reset_Handler ; Reset Handler
   62 00000008 00000000        DCD              NMI_Handler ; NMI Handler
   63 0000000C 00000000        DCD              HardFault_Handler ; Hard Fault 
                                                            Handler
   64 00000010 00000000        DCD              MemManage_Handler 
                                                            ; MPU Fault Handler
                                                            
   65 00000014 00000000        DCD              BusFault_Handler 
                                                            ; Bus Fault Handler
                                                            
   66 00000018 00000000        DCD              UsageFault_Handler ; Usage Faul
                                                            t Handler
   67 0000001C 00000000        DCD              0           ; Reserved
   68 00000020 00000000        DCD              0           ; Reserved
   69 00000024 00000000        DCD              0           ; Reserved
   70 00000028 00000000        DCD              0           ; Reserved
   71 0000002C 00000000        DCD              SVC_Handler ; SVCall Handler
   72 00000030 00000000        DCD              DebugMon_Handler ; Debug Monito
                                                            r Handler
   73 00000034 00000000        DCD              0           ; Reserved
   74 00000038 00000000        DCD              PendSV_Handler ; PendSV Handler
                                                            
   75 0000003C 00000000        DCD              SysTick_Handler 
                                                            ; SysTick Handler
   76 00000040         
   77 00000040         ; External Interrupts
   78 00000040 00000000        DCD              WWDG_IRQHandler ; Window WatchD
                                                            og interrupt ( wwdg
                                                            1_it)              
                                                                               
                                                                    
   79 00000044 00000000        DCD              PVD_AVD_IRQHandler ; PVD/AVD th
                                                            rough EXTI Line det
                                                            ection             
                                                                       
   80 00000048 00000000        DCD              TAMP_STAMP_IRQHandler ; Tamper 
                                                            and TimeStamps thro



ARM Macro Assembler    Page 3 


                                                            ugh the EXTI line  
                                                                      
   81 0000004C 00000000        DCD              RTC_WKUP_IRQHandler ; RTC Wakeu
                                                            p through the EXTI 
                                                            line               
                                                                    
   82 00000050 00000000        DCD              FLASH_IRQHandler ; FLASH       
                                                                               
                                                                             
   83 00000054 00000000        DCD              RCC_IRQHandler ; RCC           
                                                                               
                                                                           
   84 00000058 00000000        DCD              EXTI0_IRQHandler ; EXTI Line0  
                                                                               
                                                                               
                                                                 
   85 0000005C 00000000        DCD              EXTI1_IRQHandler ; EXTI Line1  
                                                                               
                                                                               
                                                                 
   86 00000060 00000000        DCD              EXTI2_IRQHandler ; EXTI Line2  
                                                                               
                                                                               
                                                                 
   87 00000064 00000000        DCD              EXTI3_IRQHandler ; EXTI Line3  
                                                                               
                                                                               
                                                                 
   88 00000068 00000000        DCD              EXTI4_IRQHandler ; EXTI Line4 
   89 0000006C 00000000        DCD              DMA1_Stream0_IRQHandler 
                                                            ; DMA1 Stream 0
   90 00000070 00000000        DCD              DMA1_Stream1_IRQHandler ; DMA1 
                                                            Stream 1           
                                                                               
                                                                 
   91 00000074 00000000        DCD              DMA1_Stream2_IRQHandler ; DMA1 
                                                            Stream 2           
                                                                               
                                                                 
   92 00000078 00000000        DCD              DMA1_Stream3_IRQHandler ; DMA1 
                                                            Stream 3           
                                                                               
                                                                 
   93 0000007C 00000000        DCD              DMA1_Stream4_IRQHandler ; DMA1 
                                                            Stream 4           
                                                                               
                                                                 
   94 00000080 00000000        DCD              DMA1_Stream5_IRQHandler ; DMA1 
                                                            Stream 5           
                                                                               
                                                                 
   95 00000084 00000000        DCD              DMA1_Stream6_IRQHandler 
                                                            ; DMA1 Stream 6  
   96 00000088 00000000        DCD              ADC_IRQHandler ; ADC1, ADC2    
                                                                               
                                                                  
   97 0000008C 00000000        DCD              FDCAN1_IT0_IRQHandler ; FDCAN1 
                                                            interrupt line 0   
                                                                               



ARM Macro Assembler    Page 4 


                                                              
   98 00000090 00000000        DCD              FDCAN2_IT0_IRQHandler ; FDCAN2 
                                                            interrupt line 0   
                                                                               
                                                                     
   99 00000094 00000000        DCD              FDCAN1_IT1_IRQHandler ; FDCAN1 
                                                            interrupt line 1   
                                                                               
                                                              
  100 00000098 00000000        DCD              FDCAN2_IT1_IRQHandler ; FDCAN2 
                                                            interrupt line 1   
                                                                               
                                                                               
                                                                  
  101 0000009C 00000000        DCD              EXTI9_5_IRQHandler ; External L
                                                            ine[9:5]s          
                                                                               
                                                                   
  102 000000A0 00000000        DCD              TIM1_BRK_IRQHandler ; TIM1 Brea
                                                            k interrupt        
                                                                       
  103 000000A4 00000000        DCD              TIM1_UP_IRQHandler ; TIM1 Updat
                                                            e Interrupt        
                                                                     
  104 000000A8 00000000        DCD              TIM1_TRG_COM_IRQHandler ; TIM1 
                                                            Trigger and Commuta
                                                            tion Interrupt 
  105 000000AC 00000000        DCD              TIM1_CC_IRQHandler ; TIM1 Captu
                                                            re Compare         
                                                                               
                                                                   
  106 000000B0 00000000        DCD              TIM2_IRQHandler ; TIM2         
                                                                               
                                                                            
  107 000000B4 00000000        DCD              TIM3_IRQHandler ; TIM3         
                                                                               
                                                                            
  108 000000B8 00000000        DCD              TIM4_IRQHandler ; TIM4         
                                                                               
                                                                            
  109 000000BC 00000000        DCD              I2C1_EV_IRQHandler ; I2C1 Event
                                                                               
                                                                               
                                                                   
  110 000000C0 00000000        DCD              I2C1_ER_IRQHandler ; I2C1 Error
                                                                               
                                                                               
                                                                   
  111 000000C4 00000000        DCD              I2C2_EV_IRQHandler ; I2C2 Event
                                                                               
                                                                               
                                                                   
  112 000000C8 00000000        DCD              I2C2_ER_IRQHandler ; I2C2 Error
                                                                               
                                                                               
                                                                     
  113 000000CC 00000000        DCD              SPI1_IRQHandler ; SPI1         
                                                                               
                                                                            



ARM Macro Assembler    Page 5 


  114 000000D0 00000000        DCD              SPI2_IRQHandler ; SPI2         
                                                                               
                                                                            
  115 000000D4 00000000        DCD              USART1_IRQHandler ; USART1     
                                                                               
                                                                              
  116 000000D8 00000000        DCD              USART2_IRQHandler ; USART2     
                                                                               
                                                                              
  117 000000DC 00000000        DCD              USART3_IRQHandler ; USART3     
                                                                               
                                                                              
  118 000000E0 00000000        DCD              EXTI15_10_IRQHandler ; External
                                                             Line[15:10]  
  119 000000E4 00000000        DCD              RTC_Alarm_IRQHandler ; RTC Alar
                                                            m (A and B) through
                                                             EXTI Line
  120 000000E8 00000000        DCD              0           ; Reserved         
                                                                               
                                                                          
  121 000000EC 00000000        DCD              TIM8_BRK_TIM12_IRQHandler ; TIM
                                                            8 Break Interrupt a
                                                            nd TIM12 global int
                                                            errupt             
                                                                
  122 000000F0 00000000        DCD              TIM8_UP_TIM13_IRQHandler ; TIM8
                                                             Update Interrupt a
                                                            nd TIM13 global int
                                                            errupt
  123 000000F4 00000000        DCD              TIM8_TRG_COM_TIM14_IRQHandler ;
                                                             TIM8 Trigger and C
                                                            ommutation Interrup
                                                            t and TIM14 global 
                                                            interrupt
  124 000000F8 00000000        DCD              TIM8_CC_IRQHandler ; TIM8 Captu
                                                            re Compare Interrup
                                                            t
  125 000000FC 00000000        DCD              DMA1_Stream7_IRQHandler ; DMA1 
                                                            Stream7            
                                                                               
                                                                        
  126 00000100 00000000        DCD              FMC_IRQHandler ; FMC           
                                                                              
  127 00000104 00000000        DCD              SDMMC1_IRQHandler ; SDMMC1     
                                                                               
                                                                
  128 00000108 00000000        DCD              TIM5_IRQHandler ; TIM5         
                                                                               
                                                            
  129 0000010C 00000000        DCD              SPI3_IRQHandler ; SPI3         
                                                                               
                                                            
  130 00000110 00000000        DCD              UART4_IRQHandler ; UART4       
                                                                               
                                                             
  131 00000114 00000000        DCD              UART5_IRQHandler ; UART5       
                                                                               
                                                             
  132 00000118 00000000        DCD              TIM6_DAC_IRQHandler ; TIM6 and 



ARM Macro Assembler    Page 6 


                                                            DAC1&2 underrun err
                                                            ors           
  133 0000011C 00000000        DCD              TIM7_IRQHandler 
                                                            ; TIM7           
  134 00000120 00000000        DCD              DMA2_Stream0_IRQHandler ; DMA2 
                                                            Stream 0           
                                                                    
  135 00000124 00000000        DCD              DMA2_Stream1_IRQHandler ; DMA2 
                                                            Stream 1           
                                                                    
  136 00000128 00000000        DCD              DMA2_Stream2_IRQHandler ; DMA2 
                                                            Stream 2           
                                                                    
  137 0000012C 00000000        DCD              DMA2_Stream3_IRQHandler ; DMA2 
                                                            Stream 3           
                                                                    
  138 00000130 00000000        DCD              DMA2_Stream4_IRQHandler ; DMA2 
                                                            Stream 4           
                                                                    
  139 00000134 00000000        DCD              ETH_IRQHandler ; Ethernet      
                                                                              
  140 00000138 00000000        DCD              ETH_WKUP_IRQHandler ; Ethernet 
                                                            Wakeup through EXTI
                                                             line              
                                                            
  141 0000013C 00000000        DCD              FDCAN_CAL_IRQHandler ; FDCAN ca
                                                            libration unit inte
                                                            rrupt              
                                                                      
  142 00000140 00000000        DCD              0           ; Reserved         
                                                                               
                                                              
  143 00000144 00000000        DCD              0           ; Reserved 
  144 00000148 00000000        DCD              0           ; Reserved 
  145 0000014C 00000000        DCD              0           ; Reserved         
                                                                         
  146 00000150 00000000        DCD              DMA2_Stream5_IRQHandler ; DMA2 
                                                            Stream 5           
                                                                    
  147 00000154 00000000        DCD              DMA2_Stream6_IRQHandler ; DMA2 
                                                            Stream 6           
                                                                    
  148 00000158 00000000        DCD              DMA2_Stream7_IRQHandler ; DMA2 
                                                            Stream 7           
                                                                    
  149 0000015C 00000000        DCD              USART6_IRQHandler ; USART6     
                                                                               
                                                               
  150 00000160 00000000        DCD              I2C3_EV_IRQHandler ; I2C3 event
                                                                               
                                                                      
  151 00000164 00000000        DCD              I2C3_ER_IRQHandler ; I2C3 error
                                                                               
                                                                      
  152 00000168 00000000        DCD              OTG_HS_EP1_OUT_IRQHandler ; USB
                                                             OTG HS End Point 1
                                                             Out               
                                                                   
  153 0000016C 00000000        DCD              OTG_HS_EP1_IN_IRQHandler ; USB 



ARM Macro Assembler    Page 7 


                                                            OTG HS End Point 1 
                                                            In                 
                                                                  
  154 00000170 00000000        DCD              OTG_HS_WKUP_IRQHandler ; USB OT
                                                            G HS Wakeup through
                                                             EXTI              
                                                                       
  155 00000174 00000000        DCD              OTG_HS_IRQHandler ; USB OTG HS 
                                                                               
                                                            
  156 00000178 00000000        DCD              DCMI_IRQHandler ; DCMI         
                                                                               
                                                            
  157 0000017C 00000000        DCD              0           ; Reserved         
                                                                               
                                                                     
  158 00000180 00000000        DCD              RNG_IRQHandler ; Rng
  159 00000184 00000000        DCD              FPU_IRQHandler ; FPU
  160 00000188 00000000        DCD              UART7_IRQHandler ; UART7
  161 0000018C 00000000        DCD              UART8_IRQHandler ; UART8
  162 00000190 00000000        DCD              SPI4_IRQHandler ; SPI4
  163 00000194 00000000        DCD              SPI5_IRQHandler ; SPI5
  164 00000198 00000000        DCD              SPI6_IRQHandler ; SPI6
  165 0000019C 00000000        DCD              SAI1_IRQHandler ; SAI1
  166 000001A0 00000000        DCD              LTDC_IRQHandler ; LTDC
  167 000001A4 00000000        DCD              LTDC_ER_IRQHandler ; LTDC error
                                                            
  168 000001A8 00000000        DCD              DMA2D_IRQHandler ; DMA2D
  169 000001AC 00000000        DCD              SAI2_IRQHandler ; SAI2
  170 000001B0 00000000        DCD              QUADSPI_IRQHandler ; QUADSPI
  171 000001B4 00000000        DCD              LPTIM1_IRQHandler ; LPTIM1
  172 000001B8 00000000        DCD              CEC_IRQHandler ; HDMI_CEC
  173 000001BC 00000000        DCD              I2C4_EV_IRQHandler ; I2C4 Event
                                                                               
                                                                      
  174 000001C0 00000000        DCD              I2C4_ER_IRQHandler 
                                                            ; I2C4 Error 
  175 000001C4 00000000        DCD              SPDIF_RX_IRQHandler ; SPDIF_RX
  176 000001C8 00000000        DCD              OTG_FS_EP1_OUT_IRQHandler ; USB
                                                             OTG FS End Point 1
                                                             Out               
                                                                   
  177 000001CC 00000000        DCD              OTG_FS_EP1_IN_IRQHandler ; USB 
                                                            OTG FS End Point 1 
                                                            In                 
                                                                  
  178 000001D0 00000000        DCD              OTG_FS_WKUP_IRQHandler ; USB OT
                                                            G FS Wakeup through
                                                             EXTI              
                                                                       
  179 000001D4 00000000        DCD              OTG_FS_IRQHandler ; USB OTG FS 
                                                                            
  180 000001D8 00000000        DCD              DMAMUX1_OVR_IRQHandler ; DMAMUX
                                                            1 Overrun interrupt
                                                              
  181 000001DC 00000000        DCD              HRTIM1_Master_IRQHandler ; HRTI
                                                            M Master Timer glob
                                                            al Interrupts      
                                                                               



ARM Macro Assembler    Page 8 


                                                                 
  182 000001E0 00000000        DCD              HRTIM1_TIMA_IRQHandler ; HRTIM 
                                                            Timer A global Inte
                                                            rrupt              
                                                                               
                                                               
  183 000001E4 00000000        DCD              HRTIM1_TIMB_IRQHandler ; HRTIM 
                                                            Timer B global Inte
                                                            rrupt              
                                                                               
                                                               
  184 000001E8 00000000        DCD              HRTIM1_TIMC_IRQHandler ; HRTIM 
                                                            Timer C global Inte
                                                            rrupt              
                                                                               
                                                               
  185 000001EC 00000000        DCD              HRTIM1_TIMD_IRQHandler ; HRTIM 
                                                            Timer D global Inte
                                                            rrupt              
                                                                               
                                                               
  186 000001F0 00000000        DCD              HRTIM1_TIME_IRQHandler ; HRTIM 
                                                            Timer E global Inte
                                                            rrupt              
                                                                               
                                                               
  187 000001F4 00000000        DCD              HRTIM1_FLT_IRQHandler ; HRTIM F
                                                            ault global Interru
                                                            pt 
  188 000001F8 00000000        DCD              DFSDM1_FLT0_IRQHandler ; DFSDM 
                                                            Filter0 Interrupt  
                                                             
  189 000001FC 00000000        DCD              DFSDM1_FLT1_IRQHandler ; DFSDM 
                                                            Filter1 Interrupt  
                                                                               
                                                                               
                                                                
  190 00000200 00000000        DCD              DFSDM1_FLT2_IRQHandler ; DFSDM 
                                                            Filter2 Interrupt  
                                                                               
                                                                               
                                                                
  191 00000204 00000000        DCD              DFSDM1_FLT3_IRQHandler ; DFSDM 
                                                            Filter3 Interrupt  
                                                                               
                                                                               
                                                                               
                                                                               
                                                                  
  192 00000208 00000000        DCD              SAI3_IRQHandler ; SAI3 global I
                                                            nterrupt           
                                                                               
                                                                           
  193 0000020C 00000000        DCD              SWPMI1_IRQHandler ; Serial Wire
                                                             Interface 1 global
                                                             interrupt         
                                                                             
  194 00000210 00000000        DCD              TIM15_IRQHandler ; TIM15 global
                                                             Interrupt         



ARM Macro Assembler    Page 9 


                                                                               
                                                                            
  195 00000214 00000000        DCD              TIM16_IRQHandler ; TIM16 global
                                                             Interrupt         
                                                                               
                                                                            
  196 00000218 00000000        DCD              TIM17_IRQHandler ; TIM17 global
                                                             Interrupt         
                                                                               
                                                                            
  197 0000021C 00000000        DCD              MDIOS_WKUP_IRQHandler ; MDIOS W
                                                            akeup  Interrupt   
                                                                               
                                                                               
                                                              
  198 00000220 00000000        DCD              MDIOS_IRQHandler ; MDIOS global
                                                             Interrupt         
                                                                               
                                                                            
  199 00000224 00000000        DCD              JPEG_IRQHandler ; JPEG global I
                                                            nterrupt           
                                                                               
                                                                           
  200 00000228 00000000        DCD              MDMA_IRQHandler ; MDMA global I
                                                            nterrupt           
                                                                               
                                                                           
  201 0000022C 00000000        DCD              0           ; Reserved         
                                                                               
                                                                               
                                                            
  202 00000230 00000000        DCD              SDMMC2_IRQHandler ; SDMMC2 glob
                                                            al Interrupt       
                                                                               
                                                                             
  203 00000234 00000000        DCD              HSEM1_IRQHandler ; HSEM1 global
                                                             Interrupt         
                                                                               
                                                                             
  204 00000238 00000000        DCD              0           ; Reserved         
                                                                               
                                                                              
  205 0000023C 00000000        DCD              ADC3_IRQHandler ; ADC3 global I
                                                            nterrupt           
                                                                               
                                                                            
  206 00000240 00000000        DCD              DMAMUX2_OVR_IRQHandler ; DMAMUX
                                                             Overrun interrupt 
                                                                               
                                                                               
                                                                
  207 00000244 00000000        DCD              BDMA_Channel0_IRQHandler ; BDMA
                                                             Channel 0 global I
                                                            nterrupt           
                                                                               
                                                                  
  208 00000248 00000000        DCD              BDMA_Channel1_IRQHandler ; BDMA
                                                             Channel 1 global I
                                                            nterrupt           



ARM Macro Assembler    Page 10 


                                                                               
                                                                  
  209 0000024C 00000000        DCD              BDMA_Channel2_IRQHandler ; BDMA
                                                             Channel 2 global I
                                                            nterrupt           
                                                                               
                                                                  
  210 00000250 00000000        DCD              BDMA_Channel3_IRQHandler ; BDMA
                                                             Channel 3 global I
                                                            nterrupt           
                                                                               
                                                                  
  211 00000254 00000000        DCD              BDMA_Channel4_IRQHandler ; BDMA
                                                             Channel 4 global I
                                                            nterrupt           
                                                                               
                                                                  
  212 00000258 00000000        DCD              BDMA_Channel5_IRQHandler ; BDMA
                                                             Channel 5 global I
                                                            nterrupt           
                                                                               
                                                                  
  213 0000025C 00000000        DCD              BDMA_Channel6_IRQHandler ; BDMA
                                                             Channel 6 global I
                                                            nterrupt           
                                                                               
                                                                  
  214 00000260 00000000        DCD              BDMA_Channel7_IRQHandler ; BDMA
                                                             Channel 7 global I
                                                            nterrupt           
                                                                               
                                                                  
  215 00000264 00000000        DCD              COMP1_IRQHandler ; COMP1 global
                                                             Interrupt         
                                                                               
                                                                            
  216 00000268 00000000        DCD              LPTIM2_IRQHandler ; LP TIM2 glo
                                                            bal interrupt      
                                                                               
                                                                             
  217 0000026C 00000000        DCD              LPTIM3_IRQHandler ; LP TIM3 glo
                                                            bal interrupt      
                                                                               
                                                                             
  218 00000270 00000000        DCD              LPTIM4_IRQHandler ; LP TIM4 glo
                                                            bal interrupt      
                                                                               
                                                                             
  219 00000274 00000000        DCD              LPTIM5_IRQHandler ; LP TIM5 glo
                                                            bal interrupt      
                                                                               
                                                                             
  220 00000278 00000000        DCD              LPUART1_IRQHandler ; LP UART1 i
                                                            nterrupt           
                                                                               
                                                                              
  221 0000027C 00000000        DCD              0           ; Reserved         
                                                                               
                                                                               



ARM Macro Assembler    Page 11 


                                                                               
                                                                        
  222 00000280 00000000        DCD              CRS_IRQHandler ; Clock Recovery
                                                             Global Interrupt  
                                                                               
                                                                          
  223 00000284 00000000        DCD              ECC_IRQHandler ; ECC diagnostic
                                                             Global Interrupt  
                                                                               
                                                                               
                                                                  
  224 00000288 00000000        DCD              SAI4_IRQHandler ; SAI4 global i
                                                            nterrupt           
                                                                               
                                                                              
  225 0000028C 00000000        DCD              0           ; Reserved         
                                                                               
                                                                 
  226 00000290 00000000        DCD              0           ; Reserved         
                                                                               
                                                                    
  227 00000294 00000000        DCD              WAKEUP_PIN_IRQHandler ; Interru
                                                            pt for all 6 wake-u
                                                            p pins 
  228 00000298         
  229 00000298         
  230 00000298         __Vectors_End
  231 00000298         
  232 00000298 00000298 
                       __Vectors_Size
                               EQU              __Vectors_End - __Vectors
  233 00000298         
  234 00000298                 AREA             |.text|, CODE, READONLY
  235 00000000         
  236 00000000         ; Reset handler
  237 00000000         Reset_Handler
                               PROC
  238 00000000                 EXPORT           Reset_Handler                  
  [WEAK]
  239 00000000         ;IMPORT  ExitRun0Mode                              ;¼Ä´æ
                       Æ÷´úÂë,Î´ÓÃµ½,ÆÁ±Î
  240 00000000         ;IMPORT  SystemInit                                ;¼Ä´æ
                       Æ÷´úÂë,Î´ÓÃµ½,ÆÁ±Î
  241 00000000         ;¼Ä´æÆ÷´úÂë,²»ÐèÒªÔÚÕâÀïµ÷ÓÃSystemInitº¯Êý,¹ÊÆÁ±Îµô,¿âº¯
                       Êý°æ±¾´úÂë,¿ÉÒÔÁôÏÂ
  242 00000000         ;²»¹ýÐèÒªÔÚÍâ²¿ÊµÏÖSystemInitº¯Êý,·ñÔò»á±¨´í.
  243 00000000                 IMPORT           __main
  244 00000000         
  245 00000000                 IF               {FPU} != "SoftVFP" ;Í¨¹ýTargetÑ
                                                            ¡Ïî¿¨µÄFloating Poi
                                                            nt HardwareÑ¡ÏîÀ´¿Ø
                                                            ÖÆ.
  246 00000000         ;Èç¹ûÑ¡Ôñ:Not Used,Ôò²»±àÒëÒÔÏÂ´úÂë(µ½ENDIF½áÊø)
  247 00000000         ;Èç¹ûÑ¡Ôñ:Use Single/Double Precision,Ôò±àÒëÒÔÏÂ´úÂë
  248 00000000         ;ÔÚFPU¸´Î»ºóÊ¹ÄÜ¸¡µãµ¥ÔªÖ§³Ö
  249 00000000 F8DF 0040       LDR.W            R0, =0xE000ED88 ; Load address 
                                                            of CPACR register
  250 00000004 6801            LDR              R1, [R0]    ; Read value at CPA
                                                            CR



ARM Macro Assembler    Page 12 


  251 00000006 F441 0170       ORR              R1,  R1, #(0xF <<20) ; Set bits
                                                             20-23 to enable CP
                                                            10 and CP11 coproce
                                                            ssors
  252 0000000A         ; Write back the modified CPACR value
  253 0000000A 6001            STR              R1, [R0]    ; Wait for store to
                                                             complete
  254 0000000C F3BF 8F4F       DSB
  255 00000010         ;Õë¶ÔOSÓ¦ÓÃ,FPU¼Ä´æÆ÷È«²¿ÓÉOSÑ¹Õ»±£´æ,¹Ø±ÕÓ²¼þÑ¹Õ»
  256 00000010         ; Disable automatic FP register content
  257 00000010         ; Disable lazy context switch
  258 00000010 F8DF 0034       LDR.W            R0, =0xE000EF34 ; Load address 
                                                            to FPCCR register
  259 00000014 6801            LDR              R1, [R0]
  260 00000016 F021 4140       AND              R1,  R1, #(0x3FFFFFFF) ; Clear 
                                                            the LSPEN and ASPEN
                                                             bits
  261 0000001A 6001            STR              R1, [R0]
  262 0000001C F3BF 8F6F       ISB                          ; Reset pipeline no
                                                            w the FPU is enable
                                                            d
  263 00000020                 ENDIF
  264 00000020         ;LDR     R0, =ExitRun0Mode                ;¼Ä´æÆ÷´úÂë,Î´
                       ÓÃµ½,ÆÁ±Î
  265 00000020         ;BLX     R0                               ;¼Ä´æÆ÷´úÂë,Î´
                       ÓÃµ½,ÆÁ±Î      
  266 00000020         ;LDR     R0, =SystemInit                  ;¼Ä´æÆ÷´úÂë,Î´
                       ÓÃµ½,ÆÁ±Î
  267 00000020         ;BLX     R0                               ;¼Ä´æÆ÷´úÂë,Î´
                       ÓÃµ½,ÆÁ±Î
  268 00000020 480A            LDR              R0, =__main
  269 00000022 4700            BX               R0
  270 00000024                 ENDP
  271 00000024         
  272 00000024         ; Dummy Exception Handlers (infinite loops which can be 
                       modified)
  273 00000024         
  274 00000024         NMI_Handler
                               PROC
  275 00000024                 EXPORT           NMI_Handler                    
  [WEAK]
  276 00000024 E7FE            B                .
  277 00000026                 ENDP
  279 00000026         HardFault_Handler
                               PROC
  280 00000026                 EXPORT           HardFault_Handler              
  [WEAK]
  281 00000026 E7FE            B                .
  282 00000028                 ENDP
  284 00000028         MemManage_Handler
                               PROC
  285 00000028                 EXPORT           MemManage_Handler              
  [WEAK]
  286 00000028 E7FE            B                .
  287 0000002A                 ENDP
  289 0000002A         BusFault_Handler
                               PROC
  290 0000002A                 EXPORT           BusFault_Handler               
  [WEAK]



ARM Macro Assembler    Page 13 


  291 0000002A E7FE            B                .
  292 0000002C                 ENDP
  294 0000002C         UsageFault_Handler
                               PROC
  295 0000002C                 EXPORT           UsageFault_Handler             
  [WEAK]
  296 0000002C E7FE            B                .
  297 0000002E                 ENDP
  298 0000002E         SVC_Handler
                               PROC
  299 0000002E                 EXPORT           SVC_Handler                    
  [WEAK]
  300 0000002E E7FE            B                .
  301 00000030                 ENDP
  303 00000030         DebugMon_Handler
                               PROC
  304 00000030                 EXPORT           DebugMon_Handler               
   [WEAK]
  305 00000030 E7FE            B                .
  306 00000032                 ENDP
  307 00000032         PendSV_Handler
                               PROC
  308 00000032                 EXPORT           PendSV_Handler                 
   [WEAK]
  309 00000032 E7FE            B                .
  310 00000034                 ENDP
  311 00000034         SysTick_Handler
                               PROC
  312 00000034                 EXPORT           SysTick_Handler                
   [WEAK]
  313 00000034 E7FE            B                .
  314 00000036                 ENDP
  315 00000036         
  316 00000036         Default_Handler
                               PROC
  317 00000036         
  318 00000036                 EXPORT           WWDG_IRQHandler                
   [WEAK]
  319 00000036                 EXPORT           PVD_AVD_IRQHandler             
   [WEAK]
  320 00000036                 EXPORT           TAMP_STAMP_IRQHandler          
   [WEAK]
  321 00000036                 EXPORT           RTC_WKUP_IRQHandler            
   [WEAK]
  322 00000036                 EXPORT           FLASH_IRQHandler               
   [WEAK]
  323 00000036                 EXPORT           RCC_IRQHandler                 
   [WEAK]
  324 00000036                 EXPORT           EXTI0_IRQHandler               
   [WEAK]
  325 00000036                 EXPORT           EXTI1_IRQHandler               
   [WEAK]
  326 00000036                 EXPORT           EXTI2_IRQHandler               
   [WEAK]
  327 00000036                 EXPORT           EXTI3_IRQHandler               
   [WEAK]
  328 00000036                 EXPORT           EXTI4_IRQHandler               
   [WEAK]
  329 00000036                 EXPORT           DMA1_Stream0_IRQHandler        



ARM Macro Assembler    Page 14 


   [WEAK]
  330 00000036                 EXPORT           DMA1_Stream1_IRQHandler        
   [WEAK]
  331 00000036                 EXPORT           DMA1_Stream2_IRQHandler        
   [WEAK]
  332 00000036                 EXPORT           DMA1_Stream3_IRQHandler        
   [WEAK]
  333 00000036                 EXPORT           DMA1_Stream4_IRQHandler        
   [WEAK]
  334 00000036                 EXPORT           DMA1_Stream5_IRQHandler        
   [WEAK]
  335 00000036                 EXPORT           DMA1_Stream6_IRQHandler        
   [WEAK]
  336 00000036                 EXPORT           DMA1_Stream7_IRQHandler        
   [WEAK]
  337 00000036                 EXPORT           ADC_IRQHandler                 
   [WEAK]
  338 00000036                 EXPORT           FDCAN1_IT0_IRQHandler          
   [WEAK]
  339 00000036                 EXPORT           FDCAN2_IT0_IRQHandler          
   [WEAK]
  340 00000036                 EXPORT           FDCAN1_IT1_IRQHandler          
   [WEAK]
  341 00000036                 EXPORT           FDCAN2_IT1_IRQHandler          
   [WEAK]
  342 00000036                 EXPORT           EXTI9_5_IRQHandler             
   [WEAK]
  343 00000036                 EXPORT           TIM1_BRK_IRQHandler            
   [WEAK]
  344 00000036                 EXPORT           TIM1_UP_IRQHandler             
   [WEAK]
  345 00000036                 EXPORT           TIM1_TRG_COM_IRQHandler        
   [WEAK]
  346 00000036                 EXPORT           TIM1_CC_IRQHandler             
   [WEAK]
  347 00000036                 EXPORT           TIM2_IRQHandler                
   [WEAK]
  348 00000036                 EXPORT           TIM3_IRQHandler                
   [WEAK]
  349 00000036                 EXPORT           TIM4_IRQHandler                
   [WEAK]
  350 00000036                 EXPORT           I2C1_EV_IRQHandler             
   [WEAK]
  351 00000036                 EXPORT           I2C1_ER_IRQHandler             
   [WEAK]
  352 00000036                 EXPORT           I2C2_EV_IRQHandler             
   [WEAK]
  353 00000036                 EXPORT           I2C2_ER_IRQHandler             
   [WEAK]
  354 00000036                 EXPORT           SPI1_IRQHandler                
   [WEAK]
  355 00000036                 EXPORT           SPI2_IRQHandler                
   [WEAK]
  356 00000036                 EXPORT           USART1_IRQHandler              
   [WEAK]
  357 00000036                 EXPORT           USART2_IRQHandler              
   [WEAK]
  358 00000036                 EXPORT           USART3_IRQHandler              
   [WEAK]



ARM Macro Assembler    Page 15 


  359 00000036                 EXPORT           EXTI15_10_IRQHandler           
   [WEAK]
  360 00000036                 EXPORT           RTC_Alarm_IRQHandler           
   [WEAK]
  361 00000036                 EXPORT           TIM8_BRK_TIM12_IRQHandler      
   [WEAK]
  362 00000036                 EXPORT           TIM8_UP_TIM13_IRQHandler       
   [WEAK]
  363 00000036                 EXPORT           TIM8_TRG_COM_TIM14_IRQHandler  
   [WEAK]
  364 00000036                 EXPORT           TIM8_CC_IRQHandler             
   [WEAK]
  365 00000036                 EXPORT           DMA1_Stream7_IRQHandler        
   [WEAK]
  366 00000036                 EXPORT           FMC_IRQHandler                 
   [WEAK]
  367 00000036                 EXPORT           SDMMC1_IRQHandler              
   [WEAK]
  368 00000036                 EXPORT           TIM5_IRQHandler                
   [WEAK]
  369 00000036                 EXPORT           SPI3_IRQHandler                
   [WEAK]
  370 00000036                 EXPORT           UART4_IRQHandler               
   [WEAK]
  371 00000036                 EXPORT           UART5_IRQHandler               
   [WEAK]
  372 00000036                 EXPORT           TIM6_DAC_IRQHandler            
   [WEAK]
  373 00000036                 EXPORT           TIM7_IRQHandler                
   [WEAK]
  374 00000036                 EXPORT           DMA2_Stream0_IRQHandler        
   [WEAK]
  375 00000036                 EXPORT           DMA2_Stream1_IRQHandler        
   [WEAK]
  376 00000036                 EXPORT           DMA2_Stream2_IRQHandler        
   [WEAK]
  377 00000036                 EXPORT           DMA2_Stream3_IRQHandler        
   [WEAK]
  378 00000036                 EXPORT           DMA2_Stream4_IRQHandler        
   [WEAK]
  379 00000036                 EXPORT           ETH_IRQHandler                 
   [WEAK]
  380 00000036                 EXPORT           ETH_WKUP_IRQHandler            
   [WEAK]
  381 00000036                 EXPORT           FDCAN_CAL_IRQHandler           
   [WEAK]
  382 00000036                 EXPORT           DMA2_Stream5_IRQHandler        
   [WEAK]
  383 00000036                 EXPORT           DMA2_Stream6_IRQHandler        
   [WEAK]
  384 00000036                 EXPORT           DMA2_Stream7_IRQHandler        
   [WEAK]
  385 00000036                 EXPORT           USART6_IRQHandler              
   [WEAK]
  386 00000036                 EXPORT           I2C3_EV_IRQHandler             
   [WEAK]
  387 00000036                 EXPORT           I2C3_ER_IRQHandler             
   [WEAK]
  388 00000036                 EXPORT           OTG_HS_EP1_OUT_IRQHandler      



ARM Macro Assembler    Page 16 


   [WEAK]
  389 00000036                 EXPORT           OTG_HS_EP1_IN_IRQHandler       
   [WEAK]
  390 00000036                 EXPORT           OTG_HS_WKUP_IRQHandler         
   [WEAK]
  391 00000036                 EXPORT           OTG_HS_IRQHandler              
   [WEAK]
  392 00000036                 EXPORT           DCMI_IRQHandler                
   [WEAK]
  393 00000036                 EXPORT           RNG_IRQHandler                 
   [WEAK]
  394 00000036                 EXPORT           FPU_IRQHandler                 
   [WEAK]
  395 00000036                 EXPORT           UART7_IRQHandler               
   [WEAK]
  396 00000036                 EXPORT           UART8_IRQHandler               
   [WEAK]
  397 00000036                 EXPORT           SPI4_IRQHandler                
   [WEAK]
  398 00000036                 EXPORT           SPI5_IRQHandler                
   [WEAK]
  399 00000036                 EXPORT           SPI6_IRQHandler                
   [WEAK]
  400 00000036                 EXPORT           SAI1_IRQHandler                
   [WEAK]
  401 00000036                 EXPORT           LTDC_IRQHandler                
   [WEAK]
  402 00000036                 EXPORT           LTDC_ER_IRQHandler             
   [WEAK]
  403 00000036                 EXPORT           DMA2D_IRQHandler               
   [WEAK]
  404 00000036                 EXPORT           SAI2_IRQHandler                
   [WEAK]
  405 00000036                 EXPORT           QUADSPI_IRQHandler             
   [WEAK]
  406 00000036                 EXPORT           LPTIM1_IRQHandler              
   [WEAK]
  407 00000036                 EXPORT           CEC_IRQHandler                 
   [WEAK]
  408 00000036                 EXPORT           I2C4_EV_IRQHandler             
   [WEAK]
  409 00000036                 EXPORT           I2C4_ER_IRQHandler             
   [WEAK]
  410 00000036                 EXPORT           SPDIF_RX_IRQHandler            
   [WEAK]
  411 00000036                 EXPORT           OTG_FS_EP1_OUT_IRQHandler      
   [WEAK]
  412 00000036                 EXPORT           OTG_FS_EP1_IN_IRQHandler       
   [WEAK]
  413 00000036                 EXPORT           OTG_FS_WKUP_IRQHandler         
   [WEAK]
  414 00000036                 EXPORT           OTG_FS_IRQHandler              
   [WEAK]
  415 00000036                 EXPORT           DMAMUX1_OVR_IRQHandler         
   [WEAK]
  416 00000036                 EXPORT           HRTIM1_Master_IRQHandler       
   [WEAK]
  417 00000036                 EXPORT           HRTIM1_TIMA_IRQHandler         
   [WEAK]



ARM Macro Assembler    Page 17 


  418 00000036                 EXPORT           HRTIM1_TIMB_IRQHandler         
   [WEAK]
  419 00000036                 EXPORT           HRTIM1_TIMC_IRQHandler         
   [WEAK]
  420 00000036                 EXPORT           HRTIM1_TIMD_IRQHandler         
   [WEAK]
  421 00000036                 EXPORT           HRTIM1_TIME_IRQHandler         
   [WEAK]
  422 00000036                 EXPORT           HRTIM1_FLT_IRQHandler          
   [WEAK]
  423 00000036                 EXPORT           DFSDM1_FLT0_IRQHandler         
   [WEAK]
  424 00000036                 EXPORT           DFSDM1_FLT1_IRQHandler         
   [WEAK]
  425 00000036                 EXPORT           DFSDM1_FLT2_IRQHandler         
   [WEAK]
  426 00000036                 EXPORT           DFSDM1_FLT3_IRQHandler         
   [WEAK]
  427 00000036                 EXPORT           SAI3_IRQHandler                
   [WEAK]
  428 00000036                 EXPORT           SWPMI1_IRQHandler              
   [WEAK]
  429 00000036                 EXPORT           TIM15_IRQHandler               
   [WEAK]
  430 00000036                 EXPORT           TIM16_IRQHandler               
   [WEAK]
  431 00000036                 EXPORT           TIM17_IRQHandler               
   [WEAK]
  432 00000036                 EXPORT           MDIOS_WKUP_IRQHandler          
   [WEAK]
  433 00000036                 EXPORT           MDIOS_IRQHandler               
   [WEAK]
  434 00000036                 EXPORT           JPEG_IRQHandler                
   [WEAK]
  435 00000036                 EXPORT           MDMA_IRQHandler                
   [WEAK]
  436 00000036                 EXPORT           SDMMC2_IRQHandler              
   [WEAK]
  437 00000036                 EXPORT           HSEM1_IRQHandler               
   [WEAK]
  438 00000036                 EXPORT           ADC3_IRQHandler                
   [WEAK]
  439 00000036                 EXPORT           DMAMUX2_OVR_IRQHandler         
   [WEAK]
  440 00000036                 EXPORT           BDMA_Channel0_IRQHandler       
   [WEAK]
  441 00000036                 EXPORT           BDMA_Channel1_IRQHandler       
   [WEAK]
  442 00000036                 EXPORT           BDMA_Channel2_IRQHandler       
   [WEAK]
  443 00000036                 EXPORT           BDMA_Channel3_IRQHandler       
   [WEAK]
  444 00000036                 EXPORT           BDMA_Channel4_IRQHandler       
   [WEAK]
  445 00000036                 EXPORT           BDMA_Channel5_IRQHandler       
   [WEAK]
  446 00000036                 EXPORT           BDMA_Channel6_IRQHandler       
   [WEAK]
  447 00000036                 EXPORT           BDMA_Channel7_IRQHandler       



ARM Macro Assembler    Page 18 


   [WEAK]
  448 00000036                 EXPORT           COMP1_IRQHandler               
   [WEAK]
  449 00000036                 EXPORT           LPTIM2_IRQHandler              
   [WEAK]
  450 00000036                 EXPORT           LPTIM3_IRQHandler              
   [WEAK]
  451 00000036                 EXPORT           LPTIM4_IRQHandler              
   [WEAK]
  452 00000036                 EXPORT           LPTIM5_IRQHandler              
   [WEAK]
  453 00000036                 EXPORT           LPUART1_IRQHandler             
   [WEAK]
  454 00000036                 EXPORT           CRS_IRQHandler                 
   [WEAK]
  455 00000036                 EXPORT           ECC_IRQHandler                 
   [WEAK]
  456 00000036                 EXPORT           SAI4_IRQHandler                
   [WEAK]
  457 00000036                 EXPORT           WAKEUP_PIN_IRQHandler          
   [WEAK]
  458 00000036         
  459 00000036         
  460 00000036         WWDG_IRQHandler
  461 00000036         PVD_AVD_IRQHandler
  462 00000036         TAMP_STAMP_IRQHandler
  463 00000036         RTC_WKUP_IRQHandler
  464 00000036         FLASH_IRQHandler
  465 00000036         RCC_IRQHandler
  466 00000036         EXTI0_IRQHandler
  467 00000036         EXTI1_IRQHandler
  468 00000036         EXTI2_IRQHandler
  469 00000036         EXTI3_IRQHandler
  470 00000036         EXTI4_IRQHandler
  471 00000036         DMA1_Stream0_IRQHandler
  472 00000036         DMA1_Stream1_IRQHandler
  473 00000036         DMA1_Stream2_IRQHandler
  474 00000036         DMA1_Stream3_IRQHandler
  475 00000036         DMA1_Stream4_IRQHandler
  476 00000036         DMA1_Stream5_IRQHandler
  477 00000036         DMA1_Stream6_IRQHandler
  478 00000036         ADC_IRQHandler
  479 00000036         FDCAN1_IT0_IRQHandler
  480 00000036         FDCAN2_IT0_IRQHandler
  481 00000036         FDCAN1_IT1_IRQHandler
  482 00000036         FDCAN2_IT1_IRQHandler
  483 00000036         EXTI9_5_IRQHandler
  484 00000036         TIM1_BRK_IRQHandler
  485 00000036         TIM1_UP_IRQHandler
  486 00000036         TIM1_TRG_COM_IRQHandler
  487 00000036         TIM1_CC_IRQHandler
  488 00000036         TIM2_IRQHandler
  489 00000036         TIM3_IRQHandler
  490 00000036         TIM4_IRQHandler
  491 00000036         I2C1_EV_IRQHandler
  492 00000036         I2C1_ER_IRQHandler
  493 00000036         I2C2_EV_IRQHandler
  494 00000036         I2C2_ER_IRQHandler
  495 00000036         SPI1_IRQHandler



ARM Macro Assembler    Page 19 


  496 00000036         SPI2_IRQHandler
  497 00000036         USART1_IRQHandler
  498 00000036         USART2_IRQHandler
  499 00000036         USART3_IRQHandler
  500 00000036         EXTI15_10_IRQHandler
  501 00000036         RTC_Alarm_IRQHandler
  502 00000036         TIM8_BRK_TIM12_IRQHandler
  503 00000036         TIM8_UP_TIM13_IRQHandler
  504 00000036         TIM8_TRG_COM_TIM14_IRQHandler
  505 00000036         TIM8_CC_IRQHandler
  506 00000036         DMA1_Stream7_IRQHandler
  507 00000036         FMC_IRQHandler
  508 00000036         SDMMC1_IRQHandler
  509 00000036         TIM5_IRQHandler
  510 00000036         SPI3_IRQHandler
  511 00000036         UART4_IRQHandler
  512 00000036         UART5_IRQHandler
  513 00000036         TIM6_DAC_IRQHandler
  514 00000036         TIM7_IRQHandler
  515 00000036         DMA2_Stream0_IRQHandler
  516 00000036         DMA2_Stream1_IRQHandler
  517 00000036         DMA2_Stream2_IRQHandler
  518 00000036         DMA2_Stream3_IRQHandler
  519 00000036         DMA2_Stream4_IRQHandler
  520 00000036         ETH_IRQHandler
  521 00000036         ETH_WKUP_IRQHandler
  522 00000036         FDCAN_CAL_IRQHandler
  523 00000036         DMA2_Stream5_IRQHandler
  524 00000036         DMA2_Stream6_IRQHandler
  525 00000036         DMA2_Stream7_IRQHandler
  526 00000036         USART6_IRQHandler
  527 00000036         I2C3_EV_IRQHandler
  528 00000036         I2C3_ER_IRQHandler
  529 00000036         OTG_HS_EP1_OUT_IRQHandler
  530 00000036         OTG_HS_EP1_IN_IRQHandler
  531 00000036         OTG_HS_WKUP_IRQHandler
  532 00000036         OTG_HS_IRQHandler
  533 00000036         DCMI_IRQHandler
  534 00000036         RNG_IRQHandler
  535 00000036         FPU_IRQHandler
  536 00000036         UART7_IRQHandler
  537 00000036         UART8_IRQHandler
  538 00000036         SPI4_IRQHandler
  539 00000036         SPI5_IRQHandler
  540 00000036         SPI6_IRQHandler
  541 00000036         SAI1_IRQHandler
  542 00000036         LTDC_IRQHandler
  543 00000036         LTDC_ER_IRQHandler
  544 00000036         DMA2D_IRQHandler
  545 00000036         SAI2_IRQHandler
  546 00000036         QUADSPI_IRQHandler
  547 00000036         LPTIM1_IRQHandler
  548 00000036         CEC_IRQHandler
  549 00000036         I2C4_EV_IRQHandler
  550 00000036         I2C4_ER_IRQHandler
  551 00000036         SPDIF_RX_IRQHandler
  552 00000036         OTG_FS_EP1_OUT_IRQHandler
  553 00000036         OTG_FS_EP1_IN_IRQHandler
  554 00000036         OTG_FS_WKUP_IRQHandler



ARM Macro Assembler    Page 20 


  555 00000036         OTG_FS_IRQHandler
  556 00000036         DMAMUX1_OVR_IRQHandler
  557 00000036         HRTIM1_Master_IRQHandler
  558 00000036         HRTIM1_TIMA_IRQHandler
  559 00000036         HRTIM1_TIMB_IRQHandler
  560 00000036         HRTIM1_TIMC_IRQHandler
  561 00000036         HRTIM1_TIMD_IRQHandler
  562 00000036         HRTIM1_TIME_IRQHandler
  563 00000036         HRTIM1_FLT_IRQHandler
  564 00000036         DFSDM1_FLT0_IRQHandler
  565 00000036         DFSDM1_FLT1_IRQHandler
  566 00000036         DFSDM1_FLT2_IRQHandler
  567 00000036         DFSDM1_FLT3_IRQHandler
  568 00000036         SAI3_IRQHandler
  569 00000036         SWPMI1_IRQHandler
  570 00000036         TIM15_IRQHandler
  571 00000036         TIM16_IRQHandler
  572 00000036         TIM17_IRQHandler
  573 00000036         MDIOS_WKUP_IRQHandler
  574 00000036         MDIOS_IRQHandler
  575 00000036         JPEG_IRQHandler
  576 00000036         MDMA_IRQHandler
  577 00000036         SDMMC2_IRQHandler
  578 00000036         HSEM1_IRQHandler
  579 00000036         ADC3_IRQHandler
  580 00000036         DMAMUX2_OVR_IRQHandler
  581 00000036         BDMA_Channel0_IRQHandler
  582 00000036         BDMA_Channel1_IRQHandler
  583 00000036         BDMA_Channel2_IRQHandler
  584 00000036         BDMA_Channel3_IRQHandler
  585 00000036         BDMA_Channel4_IRQHandler
  586 00000036         BDMA_Channel5_IRQHandler
  587 00000036         BDMA_Channel6_IRQHandler
  588 00000036         BDMA_Channel7_IRQHandler
  589 00000036         COMP1_IRQHandler
  590 00000036         LPTIM2_IRQHandler
  591 00000036         LPTIM3_IRQHandler
  592 00000036         LPTIM4_IRQHandler
  593 00000036         LPTIM5_IRQHandler
  594 00000036         LPUART1_IRQHandler
  595 00000036         CRS_IRQHandler
  596 00000036         ECC_IRQHandler
  597 00000036         SAI4_IRQHandler
  598 00000036         WAKEUP_PIN_IRQHandler
  599 00000036         
  600 00000036 E7FE            B                .
  601 00000038         
  602 00000038                 ENDP
  603 00000038         
  604 00000038                 ALIGN
  605 00000038         
  606 00000038         ;*******************************************************
                       ************************
  607 00000038         ; User Stack and Heap initialization
  608 00000038         ;*******************************************************
                       ************************
  609 00000038                 IF               :DEF:__MICROLIB
  616 00000038         
  617 00000038                 IMPORT           __use_two_region_memory



ARM Macro Assembler    Page 21 


  618 00000038                 EXPORT           __user_initial_stackheap
  619 00000038         
  620 00000038         __user_initial_stackheap
  621 00000038         
  622 00000038 4805            LDR              R0, =  Heap_Mem
  623 0000003A 4906            LDR              R1, =(Stack_Mem + Stack_Size)
  624 0000003C 4A06            LDR              R2, = (Heap_Mem +  Heap_Size)
  625 0000003E 4B07            LDR              R3, = Stack_Mem
  626 00000040 4770            BX               LR
  627 00000042         
  628 00000042 00 00           ALIGN
  629 00000044         
  630 00000044                 ENDIF
  631 00000044         
  632 00000044                 END
              E000ED88 
              E000EF34 
              00000000 
              00000000 
              00008000 
              00004000 
              00000000 
Command Line: --debug --xref --diag_suppress=9931 --cpu=Cortex-M7.fp.dp --apcs=
interwork --depend=..\obj\startup_stm32h743xx.d -o..\obj\startup_stm32h743xx.o 
-IC:\Keil_v5\ARM\PACK\Keil\STM32H7xx_DFP\3.0.0\Drivers\CMSIS\Device\ST\STM32H7x
x\Include --predefine="__UVISION_VERSION SETA 543" --predefine="STM32H743xx SET
A 1" --list=..\obj\startup_stm32h743xx.lst ..\CORE\startup_stm32h743xx.s



ARM Macro Assembler    Page 1 Alphabetic symbol ordering
Relocatable symbols

STACK 00000000

Symbol: STACK
   Definitions
      At line 34 in file ..\CORE\startup_stm32h743xx.s
   Uses
      None
Comment: STACK unused
Stack_Mem 00000000

Symbol: Stack_Mem
   Definitions
      At line 35 in file ..\CORE\startup_stm32h743xx.s
   Uses
      At line 623 in file ..\CORE\startup_stm32h743xx.s
      At line 625 in file ..\CORE\startup_stm32h743xx.s

__initial_sp 00008000

Symbol: __initial_sp
   Definitions
      At line 36 in file ..\CORE\startup_stm32h743xx.s
   Uses
      At line 60 in file ..\CORE\startup_stm32h743xx.s
Comment: __initial_sp used once
3 symbols



ARM Macro Assembler    Page 1 Alphabetic symbol ordering
Relocatable symbols

HEAP 00000000

Symbol: HEAP
   Definitions
      At line 45 in file ..\CORE\startup_stm32h743xx.s
   Uses
      None
Comment: HEAP unused
Heap_Mem 00000000

Symbol: Heap_Mem
   Definitions
      At line 47 in file ..\CORE\startup_stm32h743xx.s
   Uses
      At line 622 in file ..\CORE\startup_stm32h743xx.s
      At line 624 in file ..\CORE\startup_stm32h743xx.s

__heap_base 00000000

Symbol: __heap_base
   Definitions
      At line 46 in file ..\CORE\startup_stm32h743xx.s
   Uses
      None
Comment: __heap_base unused
__heap_limit 00004000

Symbol: __heap_limit
   Definitions
      At line 48 in file ..\CORE\startup_stm32h743xx.s
   Uses
      None
Comment: __heap_limit unused
4 symbols



ARM Macro Assembler    Page 1 Alphabetic symbol ordering
Relocatable symbols

RESET 00000000

Symbol: RESET
   Definitions
      At line 55 in file ..\CORE\startup_stm32h743xx.s
   Uses
      None
Comment: RESET unused
__Vectors 00000000

Symbol: __Vectors
   Definitions
      At line 60 in file ..\CORE\startup_stm32h743xx.s
   Uses
      At line 56 in file ..\CORE\startup_stm32h743xx.s
      At line 232 in file ..\CORE\startup_stm32h743xx.s

__Vectors_End 00000298

Symbol: __Vectors_End
   Definitions
      At line 230 in file ..\CORE\startup_stm32h743xx.s
   Uses
      At line 57 in file ..\CORE\startup_stm32h743xx.s
      At line 232 in file ..\CORE\startup_stm32h743xx.s

3 symbols



ARM Macro Assembler    Page 1 Alphabetic symbol ordering
Relocatable symbols

.text 00000000

Symbol: .text
   Definitions
      At line 234 in file ..\CORE\startup_stm32h743xx.s
   Uses
      None
Comment: .text unused
ADC3_IRQHandler 00000036

Symbol: ADC3_IRQHandler
   Definitions
      At line 579 in file ..\CORE\startup_stm32h743xx.s
   Uses
      At line 205 in file ..\CORE\startup_stm32h743xx.s
      At line 438 in file ..\CORE\startup_stm32h743xx.s

ADC_IRQHandler 00000036

Symbol: ADC_IRQHandler
   Definitions
      At line 478 in file ..\CORE\startup_stm32h743xx.s
   Uses
      At line 96 in file ..\CORE\startup_stm32h743xx.s
      At line 337 in file ..\CORE\startup_stm32h743xx.s

BDMA_Channel0_IRQHandler 00000036

Symbol: BDMA_Channel0_IRQHandler
   Definitions
      At line 581 in file ..\CORE\startup_stm32h743xx.s
   Uses
      At line 207 in file ..\CORE\startup_stm32h743xx.s
      At line 440 in file ..\CORE\startup_stm32h743xx.s

BDMA_Channel1_IRQHandler 00000036

Symbol: BDMA_Channel1_IRQHandler
   Definitions
      At line 582 in file ..\CORE\startup_stm32h743xx.s
   Uses
      At line 208 in file ..\CORE\startup_stm32h743xx.s
      At line 441 in file ..\CORE\startup_stm32h743xx.s

BDMA_Channel2_IRQHandler 00000036

Symbol: BDMA_Channel2_IRQHandler
   Definitions
      At line 583 in file ..\CORE\startup_stm32h743xx.s
   Uses
      At line 209 in file ..\CORE\startup_stm32h743xx.s
      At line 442 in file ..\CORE\startup_stm32h743xx.s

BDMA_Channel3_IRQHandler 00000036

Symbol: BDMA_Channel3_IRQHandler
   Definitions
      At line 584 in file ..\CORE\startup_stm32h743xx.s
   Uses



ARM Macro Assembler    Page 2 Alphabetic symbol ordering
Relocatable symbols

      At line 210 in file ..\CORE\startup_stm32h743xx.s
      At line 443 in file ..\CORE\startup_stm32h743xx.s

BDMA_Channel4_IRQHandler 00000036

Symbol: BDMA_Channel4_IRQHandler
   Definitions
      At line 585 in file ..\CORE\startup_stm32h743xx.s
   Uses
      At line 211 in file ..\CORE\startup_stm32h743xx.s
      At line 444 in file ..\CORE\startup_stm32h743xx.s

BDMA_Channel5_IRQHandler 00000036

Symbol: BDMA_Channel5_IRQHandler
   Definitions
      At line 586 in file ..\CORE\startup_stm32h743xx.s
   Uses
      At line 212 in file ..\CORE\startup_stm32h743xx.s
      At line 445 in file ..\CORE\startup_stm32h743xx.s

BDMA_Channel6_IRQHandler 00000036

Symbol: BDMA_Channel6_IRQHandler
   Definitions
      At line 587 in file ..\CORE\startup_stm32h743xx.s
   Uses
      At line 213 in file ..\CORE\startup_stm32h743xx.s
      At line 446 in file ..\CORE\startup_stm32h743xx.s

BDMA_Channel7_IRQHandler 00000036

Symbol: BDMA_Channel7_IRQHandler
   Definitions
      At line 588 in file ..\CORE\startup_stm32h743xx.s
   Uses
      At line 214 in file ..\CORE\startup_stm32h743xx.s
      At line 447 in file ..\CORE\startup_stm32h743xx.s

BusFault_Handler 0000002A

Symbol: BusFault_Handler
   Definitions
      At line 289 in file ..\CORE\startup_stm32h743xx.s
   Uses
      At line 65 in file ..\CORE\startup_stm32h743xx.s
      At line 290 in file ..\CORE\startup_stm32h743xx.s

CEC_IRQHandler 00000036

Symbol: CEC_IRQHandler
   Definitions
      At line 548 in file ..\CORE\startup_stm32h743xx.s
   Uses
      At line 172 in file ..\CORE\startup_stm32h743xx.s
      At line 407 in file ..\CORE\startup_stm32h743xx.s

COMP1_IRQHandler 00000036




ARM Macro Assembler    Page 3 Alphabetic symbol ordering
Relocatable symbols

Symbol: COMP1_IRQHandler
   Definitions
      At line 589 in file ..\CORE\startup_stm32h743xx.s
   Uses
      At line 215 in file ..\CORE\startup_stm32h743xx.s
      At line 448 in file ..\CORE\startup_stm32h743xx.s

CRS_IRQHandler 00000036

Symbol: CRS_IRQHandler
   Definitions
      At line 595 in file ..\CORE\startup_stm32h743xx.s
   Uses
      At line 222 in file ..\CORE\startup_stm32h743xx.s
      At line 454 in file ..\CORE\startup_stm32h743xx.s

DCMI_IRQHandler 00000036

Symbol: DCMI_IRQHandler
   Definitions
      At line 533 in file ..\CORE\startup_stm32h743xx.s
   Uses
      At line 156 in file ..\CORE\startup_stm32h743xx.s
      At line 392 in file ..\CORE\startup_stm32h743xx.s

DFSDM1_FLT0_IRQHandler 00000036

Symbol: DFSDM1_FLT0_IRQHandler
   Definitions
      At line 564 in file ..\CORE\startup_stm32h743xx.s
   Uses
      At line 188 in file ..\CORE\startup_stm32h743xx.s
      At line 423 in file ..\CORE\startup_stm32h743xx.s

DFSDM1_FLT1_IRQHandler 00000036

Symbol: DFSDM1_FLT1_IRQHandler
   Definitions
      At line 565 in file ..\CORE\startup_stm32h743xx.s
   Uses
      At line 189 in file ..\CORE\startup_stm32h743xx.s
      At line 424 in file ..\CORE\startup_stm32h743xx.s

DFSDM1_FLT2_IRQHandler 00000036

Symbol: DFSDM1_FLT2_IRQHandler
   Definitions
      At line 566 in file ..\CORE\startup_stm32h743xx.s
   Uses
      At line 190 in file ..\CORE\startup_stm32h743xx.s
      At line 425 in file ..\CORE\startup_stm32h743xx.s

DFSDM1_FLT3_IRQHandler 00000036

Symbol: DFSDM1_FLT3_IRQHandler
   Definitions
      At line 567 in file ..\CORE\startup_stm32h743xx.s
   Uses
      At line 191 in file ..\CORE\startup_stm32h743xx.s



ARM Macro Assembler    Page 4 Alphabetic symbol ordering
Relocatable symbols

      At line 426 in file ..\CORE\startup_stm32h743xx.s

DMA1_Stream0_IRQHandler 00000036

Symbol: DMA1_Stream0_IRQHandler
   Definitions
      At line 471 in file ..\CORE\startup_stm32h743xx.s
   Uses
      At line 89 in file ..\CORE\startup_stm32h743xx.s
      At line 329 in file ..\CORE\startup_stm32h743xx.s

DMA1_Stream1_IRQHandler 00000036

Symbol: DMA1_Stream1_IRQHandler
   Definitions
      At line 472 in file ..\CORE\startup_stm32h743xx.s
   Uses
      At line 90 in file ..\CORE\startup_stm32h743xx.s
      At line 330 in file ..\CORE\startup_stm32h743xx.s

DMA1_Stream2_IRQHandler 00000036

Symbol: DMA1_Stream2_IRQHandler
   Definitions
      At line 473 in file ..\CORE\startup_stm32h743xx.s
   Uses
      At line 91 in file ..\CORE\startup_stm32h743xx.s
      At line 331 in file ..\CORE\startup_stm32h743xx.s

DMA1_Stream3_IRQHandler 00000036

Symbol: DMA1_Stream3_IRQHandler
   Definitions
      At line 474 in file ..\CORE\startup_stm32h743xx.s
   Uses
      At line 92 in file ..\CORE\startup_stm32h743xx.s
      At line 332 in file ..\CORE\startup_stm32h743xx.s

DMA1_Stream4_IRQHandler 00000036

Symbol: DMA1_Stream4_IRQHandler
   Definitions
      At line 475 in file ..\CORE\startup_stm32h743xx.s
   Uses
      At line 93 in file ..\CORE\startup_stm32h743xx.s
      At line 333 in file ..\CORE\startup_stm32h743xx.s

DMA1_Stream5_IRQHandler 00000036

Symbol: DMA1_Stream5_IRQHandler
   Definitions
      At line 476 in file ..\CORE\startup_stm32h743xx.s
   Uses
      At line 94 in file ..\CORE\startup_stm32h743xx.s
      At line 334 in file ..\CORE\startup_stm32h743xx.s

DMA1_Stream6_IRQHandler 00000036

Symbol: DMA1_Stream6_IRQHandler



ARM Macro Assembler    Page 5 Alphabetic symbol ordering
Relocatable symbols

   Definitions
      At line 477 in file ..\CORE\startup_stm32h743xx.s
   Uses
      At line 95 in file ..\CORE\startup_stm32h743xx.s
      At line 335 in file ..\CORE\startup_stm32h743xx.s

DMA1_Stream7_IRQHandler 00000036

Symbol: DMA1_Stream7_IRQHandler
   Definitions
      At line 506 in file ..\CORE\startup_stm32h743xx.s
   Uses
      At line 125 in file ..\CORE\startup_stm32h743xx.s
      At line 336 in file ..\CORE\startup_stm32h743xx.s
      At line 365 in file ..\CORE\startup_stm32h743xx.s

DMA2D_IRQHandler 00000036

Symbol: DMA2D_IRQHandler
   Definitions
      At line 544 in file ..\CORE\startup_stm32h743xx.s
   Uses
      At line 168 in file ..\CORE\startup_stm32h743xx.s
      At line 403 in file ..\CORE\startup_stm32h743xx.s

DMA2_Stream0_IRQHandler 00000036

Symbol: DMA2_Stream0_IRQHandler
   Definitions
      At line 515 in file ..\CORE\startup_stm32h743xx.s
   Uses
      At line 134 in file ..\CORE\startup_stm32h743xx.s
      At line 374 in file ..\CORE\startup_stm32h743xx.s

DMA2_Stream1_IRQHandler 00000036

Symbol: DMA2_Stream1_IRQHandler
   Definitions
      At line 516 in file ..\CORE\startup_stm32h743xx.s
   Uses
      At line 135 in file ..\CORE\startup_stm32h743xx.s
      At line 375 in file ..\CORE\startup_stm32h743xx.s

DMA2_Stream2_IRQHandler 00000036

Symbol: DMA2_Stream2_IRQHandler
   Definitions
      At line 517 in file ..\CORE\startup_stm32h743xx.s
   Uses
      At line 136 in file ..\CORE\startup_stm32h743xx.s
      At line 376 in file ..\CORE\startup_stm32h743xx.s

DMA2_Stream3_IRQHandler 00000036

Symbol: DMA2_Stream3_IRQHandler
   Definitions
      At line 518 in file ..\CORE\startup_stm32h743xx.s
   Uses
      At line 137 in file ..\CORE\startup_stm32h743xx.s



ARM Macro Assembler    Page 6 Alphabetic symbol ordering
Relocatable symbols

      At line 377 in file ..\CORE\startup_stm32h743xx.s

DMA2_Stream4_IRQHandler 00000036

Symbol: DMA2_Stream4_IRQHandler
   Definitions
      At line 519 in file ..\CORE\startup_stm32h743xx.s
   Uses
      At line 138 in file ..\CORE\startup_stm32h743xx.s
      At line 378 in file ..\CORE\startup_stm32h743xx.s

DMA2_Stream5_IRQHandler 00000036

Symbol: DMA2_Stream5_IRQHandler
   Definitions
      At line 523 in file ..\CORE\startup_stm32h743xx.s
   Uses
      At line 146 in file ..\CORE\startup_stm32h743xx.s
      At line 382 in file ..\CORE\startup_stm32h743xx.s

DMA2_Stream6_IRQHandler 00000036

Symbol: DMA2_Stream6_IRQHandler
   Definitions
      At line 524 in file ..\CORE\startup_stm32h743xx.s
   Uses
      At line 147 in file ..\CORE\startup_stm32h743xx.s
      At line 383 in file ..\CORE\startup_stm32h743xx.s

DMA2_Stream7_IRQHandler 00000036

Symbol: DMA2_Stream7_IRQHandler
   Definitions
      At line 525 in file ..\CORE\startup_stm32h743xx.s
   Uses
      At line 148 in file ..\CORE\startup_stm32h743xx.s
      At line 384 in file ..\CORE\startup_stm32h743xx.s

DMAMUX1_OVR_IRQHandler 00000036

Symbol: DMAMUX1_OVR_IRQHandler
   Definitions
      At line 556 in file ..\CORE\startup_stm32h743xx.s
   Uses
      At line 180 in file ..\CORE\startup_stm32h743xx.s
      At line 415 in file ..\CORE\startup_stm32h743xx.s

DMAMUX2_OVR_IRQHandler 00000036

Symbol: DMAMUX2_OVR_IRQHandler
   Definitions
      At line 580 in file ..\CORE\startup_stm32h743xx.s
   Uses
      At line 206 in file ..\CORE\startup_stm32h743xx.s
      At line 439 in file ..\CORE\startup_stm32h743xx.s

DebugMon_Handler 00000030

Symbol: DebugMon_Handler



ARM Macro Assembler    Page 7 Alphabetic symbol ordering
Relocatable symbols

   Definitions
      At line 303 in file ..\CORE\startup_stm32h743xx.s
   Uses
      At line 72 in file ..\CORE\startup_stm32h743xx.s
      At line 304 in file ..\CORE\startup_stm32h743xx.s

Default_Handler 00000036

Symbol: Default_Handler
   Definitions
      At line 316 in file ..\CORE\startup_stm32h743xx.s
   Uses
      None
Comment: Default_Handler unused
ECC_IRQHandler 00000036

Symbol: ECC_IRQHandler
   Definitions
      At line 596 in file ..\CORE\startup_stm32h743xx.s
   Uses
      At line 223 in file ..\CORE\startup_stm32h743xx.s
      At line 455 in file ..\CORE\startup_stm32h743xx.s

ETH_IRQHandler 00000036

Symbol: ETH_IRQHandler
   Definitions
      At line 520 in file ..\CORE\startup_stm32h743xx.s
   Uses
      At line 139 in file ..\CORE\startup_stm32h743xx.s
      At line 379 in file ..\CORE\startup_stm32h743xx.s

ETH_WKUP_IRQHandler 00000036

Symbol: ETH_WKUP_IRQHandler
   Definitions
      At line 521 in file ..\CORE\startup_stm32h743xx.s
   Uses
      At line 140 in file ..\CORE\startup_stm32h743xx.s
      At line 380 in file ..\CORE\startup_stm32h743xx.s

EXTI0_IRQHandler 00000036

Symbol: EXTI0_IRQHandler
   Definitions
      At line 466 in file ..\CORE\startup_stm32h743xx.s
   Uses
      At line 84 in file ..\CORE\startup_stm32h743xx.s
      At line 324 in file ..\CORE\startup_stm32h743xx.s

EXTI15_10_IRQHandler 00000036

Symbol: EXTI15_10_IRQHandler
   Definitions
      At line 500 in file ..\CORE\startup_stm32h743xx.s
   Uses
      At line 118 in file ..\CORE\startup_stm32h743xx.s
      At line 359 in file ..\CORE\startup_stm32h743xx.s




ARM Macro Assembler    Page 8 Alphabetic symbol ordering
Relocatable symbols

EXTI1_IRQHandler 00000036

Symbol: EXTI1_IRQHandler
   Definitions
      At line 467 in file ..\CORE\startup_stm32h743xx.s
   Uses
      At line 85 in file ..\CORE\startup_stm32h743xx.s
      At line 325 in file ..\CORE\startup_stm32h743xx.s

EXTI2_IRQHandler 00000036

Symbol: EXTI2_IRQHandler
   Definitions
      At line 468 in file ..\CORE\startup_stm32h743xx.s
   Uses
      At line 86 in file ..\CORE\startup_stm32h743xx.s
      At line 326 in file ..\CORE\startup_stm32h743xx.s

EXTI3_IRQHandler 00000036

Symbol: EXTI3_IRQHandler
   Definitions
      At line 469 in file ..\CORE\startup_stm32h743xx.s
   Uses
      At line 87 in file ..\CORE\startup_stm32h743xx.s
      At line 327 in file ..\CORE\startup_stm32h743xx.s

EXTI4_IRQHandler 00000036

Symbol: EXTI4_IRQHandler
   Definitions
      At line 470 in file ..\CORE\startup_stm32h743xx.s
   Uses
      At line 88 in file ..\CORE\startup_stm32h743xx.s
      At line 328 in file ..\CORE\startup_stm32h743xx.s

EXTI9_5_IRQHandler 00000036

Symbol: EXTI9_5_IRQHandler
   Definitions
      At line 483 in file ..\CORE\startup_stm32h743xx.s
   Uses
      At line 101 in file ..\CORE\startup_stm32h743xx.s
      At line 342 in file ..\CORE\startup_stm32h743xx.s

FDCAN1_IT0_IRQHandler 00000036

Symbol: FDCAN1_IT0_IRQHandler
   Definitions
      At line 479 in file ..\CORE\startup_stm32h743xx.s
   Uses
      At line 97 in file ..\CORE\startup_stm32h743xx.s
      At line 338 in file ..\CORE\startup_stm32h743xx.s

FDCAN1_IT1_IRQHandler 00000036

Symbol: FDCAN1_IT1_IRQHandler
   Definitions
      At line 481 in file ..\CORE\startup_stm32h743xx.s



ARM Macro Assembler    Page 9 Alphabetic symbol ordering
Relocatable symbols

   Uses
      At line 99 in file ..\CORE\startup_stm32h743xx.s
      At line 340 in file ..\CORE\startup_stm32h743xx.s

FDCAN2_IT0_IRQHandler 00000036

Symbol: FDCAN2_IT0_IRQHandler
   Definitions
      At line 480 in file ..\CORE\startup_stm32h743xx.s
   Uses
      At line 98 in file ..\CORE\startup_stm32h743xx.s
      At line 339 in file ..\CORE\startup_stm32h743xx.s

FDCAN2_IT1_IRQHandler 00000036

Symbol: FDCAN2_IT1_IRQHandler
   Definitions
      At line 482 in file ..\CORE\startup_stm32h743xx.s
   Uses
      At line 100 in file ..\CORE\startup_stm32h743xx.s
      At line 341 in file ..\CORE\startup_stm32h743xx.s

FDCAN_CAL_IRQHandler 00000036

Symbol: FDCAN_CAL_IRQHandler
   Definitions
      At line 522 in file ..\CORE\startup_stm32h743xx.s
   Uses
      At line 141 in file ..\CORE\startup_stm32h743xx.s
      At line 381 in file ..\CORE\startup_stm32h743xx.s

FLASH_IRQHandler 00000036

Symbol: FLASH_IRQHandler
   Definitions
      At line 464 in file ..\CORE\startup_stm32h743xx.s
   Uses
      At line 82 in file ..\CORE\startup_stm32h743xx.s
      At line 322 in file ..\CORE\startup_stm32h743xx.s

FMC_IRQHandler 00000036

Symbol: FMC_IRQHandler
   Definitions
      At line 507 in file ..\CORE\startup_stm32h743xx.s
   Uses
      At line 126 in file ..\CORE\startup_stm32h743xx.s
      At line 366 in file ..\CORE\startup_stm32h743xx.s

FPU_IRQHandler 00000036

Symbol: FPU_IRQHandler
   Definitions
      At line 535 in file ..\CORE\startup_stm32h743xx.s
   Uses
      At line 159 in file ..\CORE\startup_stm32h743xx.s
      At line 394 in file ..\CORE\startup_stm32h743xx.s

HRTIM1_FLT_IRQHandler 00000036



ARM Macro Assembler    Page 10 Alphabetic symbol ordering
Relocatable symbols


Symbol: HRTIM1_FLT_IRQHandler
   Definitions
      At line 563 in file ..\CORE\startup_stm32h743xx.s
   Uses
      At line 187 in file ..\CORE\startup_stm32h743xx.s
      At line 422 in file ..\CORE\startup_stm32h743xx.s

HRTIM1_Master_IRQHandler 00000036

Symbol: HRTIM1_Master_IRQHandler
   Definitions
      At line 557 in file ..\CORE\startup_stm32h743xx.s
   Uses
      At line 181 in file ..\CORE\startup_stm32h743xx.s
      At line 416 in file ..\CORE\startup_stm32h743xx.s

HRTIM1_TIMA_IRQHandler 00000036

Symbol: HRTIM1_TIMA_IRQHandler
   Definitions
      At line 558 in file ..\CORE\startup_stm32h743xx.s
   Uses
      At line 182 in file ..\CORE\startup_stm32h743xx.s
      At line 417 in file ..\CORE\startup_stm32h743xx.s

HRTIM1_TIMB_IRQHandler 00000036

Symbol: HRTIM1_TIMB_IRQHandler
   Definitions
      At line 559 in file ..\CORE\startup_stm32h743xx.s
   Uses
      At line 183 in file ..\CORE\startup_stm32h743xx.s
      At line 418 in file ..\CORE\startup_stm32h743xx.s

HRTIM1_TIMC_IRQHandler 00000036

Symbol: HRTIM1_TIMC_IRQHandler
   Definitions
      At line 560 in file ..\CORE\startup_stm32h743xx.s
   Uses
      At line 184 in file ..\CORE\startup_stm32h743xx.s
      At line 419 in file ..\CORE\startup_stm32h743xx.s

HRTIM1_TIMD_IRQHandler 00000036

Symbol: HRTIM1_TIMD_IRQHandler
   Definitions
      At line 561 in file ..\CORE\startup_stm32h743xx.s
   Uses
      At line 185 in file ..\CORE\startup_stm32h743xx.s
      At line 420 in file ..\CORE\startup_stm32h743xx.s

HRTIM1_TIME_IRQHandler 00000036

Symbol: HRTIM1_TIME_IRQHandler
   Definitions
      At line 562 in file ..\CORE\startup_stm32h743xx.s
   Uses



ARM Macro Assembler    Page 11 Alphabetic symbol ordering
Relocatable symbols

      At line 186 in file ..\CORE\startup_stm32h743xx.s
      At line 421 in file ..\CORE\startup_stm32h743xx.s

HSEM1_IRQHandler 00000036

Symbol: HSEM1_IRQHandler
   Definitions
      At line 578 in file ..\CORE\startup_stm32h743xx.s
   Uses
      At line 203 in file ..\CORE\startup_stm32h743xx.s
      At line 437 in file ..\CORE\startup_stm32h743xx.s

HardFault_Handler 00000026

Symbol: HardFault_Handler
   Definitions
      At line 279 in file ..\CORE\startup_stm32h743xx.s
   Uses
      At line 63 in file ..\CORE\startup_stm32h743xx.s
      At line 280 in file ..\CORE\startup_stm32h743xx.s

I2C1_ER_IRQHandler 00000036

Symbol: I2C1_ER_IRQHandler
   Definitions
      At line 492 in file ..\CORE\startup_stm32h743xx.s
   Uses
      At line 110 in file ..\CORE\startup_stm32h743xx.s
      At line 351 in file ..\CORE\startup_stm32h743xx.s

I2C1_EV_IRQHandler 00000036

Symbol: I2C1_EV_IRQHandler
   Definitions
      At line 491 in file ..\CORE\startup_stm32h743xx.s
   Uses
      At line 109 in file ..\CORE\startup_stm32h743xx.s
      At line 350 in file ..\CORE\startup_stm32h743xx.s

I2C2_ER_IRQHandler 00000036

Symbol: I2C2_ER_IRQHandler
   Definitions
      At line 494 in file ..\CORE\startup_stm32h743xx.s
   Uses
      At line 112 in file ..\CORE\startup_stm32h743xx.s
      At line 353 in file ..\CORE\startup_stm32h743xx.s

I2C2_EV_IRQHandler 00000036

Symbol: I2C2_EV_IRQHandler
   Definitions
      At line 493 in file ..\CORE\startup_stm32h743xx.s
   Uses
      At line 111 in file ..\CORE\startup_stm32h743xx.s
      At line 352 in file ..\CORE\startup_stm32h743xx.s

I2C3_ER_IRQHandler 00000036




ARM Macro Assembler    Page 12 Alphabetic symbol ordering
Relocatable symbols

Symbol: I2C3_ER_IRQHandler
   Definitions
      At line 528 in file ..\CORE\startup_stm32h743xx.s
   Uses
      At line 151 in file ..\CORE\startup_stm32h743xx.s
      At line 387 in file ..\CORE\startup_stm32h743xx.s

I2C3_EV_IRQHandler 00000036

Symbol: I2C3_EV_IRQHandler
   Definitions
      At line 527 in file ..\CORE\startup_stm32h743xx.s
   Uses
      At line 150 in file ..\CORE\startup_stm32h743xx.s
      At line 386 in file ..\CORE\startup_stm32h743xx.s

I2C4_ER_IRQHandler 00000036

Symbol: I2C4_ER_IRQHandler
   Definitions
      At line 550 in file ..\CORE\startup_stm32h743xx.s
   Uses
      At line 174 in file ..\CORE\startup_stm32h743xx.s
      At line 409 in file ..\CORE\startup_stm32h743xx.s

I2C4_EV_IRQHandler 00000036

Symbol: I2C4_EV_IRQHandler
   Definitions
      At line 549 in file ..\CORE\startup_stm32h743xx.s
   Uses
      At line 173 in file ..\CORE\startup_stm32h743xx.s
      At line 408 in file ..\CORE\startup_stm32h743xx.s

JPEG_IRQHandler 00000036

Symbol: JPEG_IRQHandler
   Definitions
      At line 575 in file ..\CORE\startup_stm32h743xx.s
   Uses
      At line 199 in file ..\CORE\startup_stm32h743xx.s
      At line 434 in file ..\CORE\startup_stm32h743xx.s

LPTIM1_IRQHandler 00000036

Symbol: LPTIM1_IRQHandler
   Definitions
      At line 547 in file ..\CORE\startup_stm32h743xx.s
   Uses
      At line 171 in file ..\CORE\startup_stm32h743xx.s
      At line 406 in file ..\CORE\startup_stm32h743xx.s

LPTIM2_IRQHandler 00000036

Symbol: LPTIM2_IRQHandler
   Definitions
      At line 590 in file ..\CORE\startup_stm32h743xx.s
   Uses
      At line 216 in file ..\CORE\startup_stm32h743xx.s



ARM Macro Assembler    Page 13 Alphabetic symbol ordering
Relocatable symbols

      At line 449 in file ..\CORE\startup_stm32h743xx.s

LPTIM3_IRQHandler 00000036

Symbol: LPTIM3_IRQHandler
   Definitions
      At line 591 in file ..\CORE\startup_stm32h743xx.s
   Uses
      At line 217 in file ..\CORE\startup_stm32h743xx.s
      At line 450 in file ..\CORE\startup_stm32h743xx.s

LPTIM4_IRQHandler 00000036

Symbol: LPTIM4_IRQHandler
   Definitions
      At line 592 in file ..\CORE\startup_stm32h743xx.s
   Uses
      At line 218 in file ..\CORE\startup_stm32h743xx.s
      At line 451 in file ..\CORE\startup_stm32h743xx.s

LPTIM5_IRQHandler 00000036

Symbol: LPTIM5_IRQHandler
   Definitions
      At line 593 in file ..\CORE\startup_stm32h743xx.s
   Uses
      At line 219 in file ..\CORE\startup_stm32h743xx.s
      At line 452 in file ..\CORE\startup_stm32h743xx.s

LPUART1_IRQHandler 00000036

Symbol: LPUART1_IRQHandler
   Definitions
      At line 594 in file ..\CORE\startup_stm32h743xx.s
   Uses
      At line 220 in file ..\CORE\startup_stm32h743xx.s
      At line 453 in file ..\CORE\startup_stm32h743xx.s

LTDC_ER_IRQHandler 00000036

Symbol: LTDC_ER_IRQHandler
   Definitions
      At line 543 in file ..\CORE\startup_stm32h743xx.s
   Uses
      At line 167 in file ..\CORE\startup_stm32h743xx.s
      At line 402 in file ..\CORE\startup_stm32h743xx.s

LTDC_IRQHandler 00000036

Symbol: LTDC_IRQHandler
   Definitions
      At line 542 in file ..\CORE\startup_stm32h743xx.s
   Uses
      At line 166 in file ..\CORE\startup_stm32h743xx.s
      At line 401 in file ..\CORE\startup_stm32h743xx.s

MDIOS_IRQHandler 00000036

Symbol: MDIOS_IRQHandler



ARM Macro Assembler    Page 14 Alphabetic symbol ordering
Relocatable symbols

   Definitions
      At line 574 in file ..\CORE\startup_stm32h743xx.s
   Uses
      At line 198 in file ..\CORE\startup_stm32h743xx.s
      At line 433 in file ..\CORE\startup_stm32h743xx.s

MDIOS_WKUP_IRQHandler 00000036

Symbol: MDIOS_WKUP_IRQHandler
   Definitions
      At line 573 in file ..\CORE\startup_stm32h743xx.s
   Uses
      At line 197 in file ..\CORE\startup_stm32h743xx.s
      At line 432 in file ..\CORE\startup_stm32h743xx.s

MDMA_IRQHandler 00000036

Symbol: MDMA_IRQHandler
   Definitions
      At line 576 in file ..\CORE\startup_stm32h743xx.s
   Uses
      At line 200 in file ..\CORE\startup_stm32h743xx.s
      At line 435 in file ..\CORE\startup_stm32h743xx.s

MemManage_Handler 00000028

Symbol: MemManage_Handler
   Definitions
      At line 284 in file ..\CORE\startup_stm32h743xx.s
   Uses
      At line 64 in file ..\CORE\startup_stm32h743xx.s
      At line 285 in file ..\CORE\startup_stm32h743xx.s

NMI_Handler 00000024

Symbol: NMI_Handler
   Definitions
      At line 274 in file ..\CORE\startup_stm32h743xx.s
   Uses
      At line 62 in file ..\CORE\startup_stm32h743xx.s
      At line 275 in file ..\CORE\startup_stm32h743xx.s

OTG_FS_EP1_IN_IRQHandler 00000036

Symbol: OTG_FS_EP1_IN_IRQHandler
   Definitions
      At line 553 in file ..\CORE\startup_stm32h743xx.s
   Uses
      At line 177 in file ..\CORE\startup_stm32h743xx.s
      At line 412 in file ..\CORE\startup_stm32h743xx.s

OTG_FS_EP1_OUT_IRQHandler 00000036

Symbol: OTG_FS_EP1_OUT_IRQHandler
   Definitions
      At line 552 in file ..\CORE\startup_stm32h743xx.s
   Uses
      At line 176 in file ..\CORE\startup_stm32h743xx.s
      At line 411 in file ..\CORE\startup_stm32h743xx.s



ARM Macro Assembler    Page 15 Alphabetic symbol ordering
Relocatable symbols


OTG_FS_IRQHandler 00000036

Symbol: OTG_FS_IRQHandler
   Definitions
      At line 555 in file ..\CORE\startup_stm32h743xx.s
   Uses
      At line 179 in file ..\CORE\startup_stm32h743xx.s
      At line 414 in file ..\CORE\startup_stm32h743xx.s

OTG_FS_WKUP_IRQHandler 00000036

Symbol: OTG_FS_WKUP_IRQHandler
   Definitions
      At line 554 in file ..\CORE\startup_stm32h743xx.s
   Uses
      At line 178 in file ..\CORE\startup_stm32h743xx.s
      At line 413 in file ..\CORE\startup_stm32h743xx.s

OTG_HS_EP1_IN_IRQHandler 00000036

Symbol: OTG_HS_EP1_IN_IRQHandler
   Definitions
      At line 530 in file ..\CORE\startup_stm32h743xx.s
   Uses
      At line 153 in file ..\CORE\startup_stm32h743xx.s
      At line 389 in file ..\CORE\startup_stm32h743xx.s

OTG_HS_EP1_OUT_IRQHandler 00000036

Symbol: OTG_HS_EP1_OUT_IRQHandler
   Definitions
      At line 529 in file ..\CORE\startup_stm32h743xx.s
   Uses
      At line 152 in file ..\CORE\startup_stm32h743xx.s
      At line 388 in file ..\CORE\startup_stm32h743xx.s

OTG_HS_IRQHandler 00000036

Symbol: OTG_HS_IRQHandler
   Definitions
      At line 532 in file ..\CORE\startup_stm32h743xx.s
   Uses
      At line 155 in file ..\CORE\startup_stm32h743xx.s
      At line 391 in file ..\CORE\startup_stm32h743xx.s

OTG_HS_WKUP_IRQHandler 00000036

Symbol: OTG_HS_WKUP_IRQHandler
   Definitions
      At line 531 in file ..\CORE\startup_stm32h743xx.s
   Uses
      At line 154 in file ..\CORE\startup_stm32h743xx.s
      At line 390 in file ..\CORE\startup_stm32h743xx.s

PVD_AVD_IRQHandler 00000036

Symbol: PVD_AVD_IRQHandler
   Definitions



ARM Macro Assembler    Page 16 Alphabetic symbol ordering
Relocatable symbols

      At line 461 in file ..\CORE\startup_stm32h743xx.s
   Uses
      At line 79 in file ..\CORE\startup_stm32h743xx.s
      At line 319 in file ..\CORE\startup_stm32h743xx.s

PendSV_Handler 00000032

Symbol: PendSV_Handler
   Definitions
      At line 307 in file ..\CORE\startup_stm32h743xx.s
   Uses
      At line 74 in file ..\CORE\startup_stm32h743xx.s
      At line 308 in file ..\CORE\startup_stm32h743xx.s

QUADSPI_IRQHandler 00000036

Symbol: QUADSPI_IRQHandler
   Definitions
      At line 546 in file ..\CORE\startup_stm32h743xx.s
   Uses
      At line 170 in file ..\CORE\startup_stm32h743xx.s
      At line 405 in file ..\CORE\startup_stm32h743xx.s

RCC_IRQHandler 00000036

Symbol: RCC_IRQHandler
   Definitions
      At line 465 in file ..\CORE\startup_stm32h743xx.s
   Uses
      At line 83 in file ..\CORE\startup_stm32h743xx.s
      At line 323 in file ..\CORE\startup_stm32h743xx.s

RNG_IRQHandler 00000036

Symbol: RNG_IRQHandler
   Definitions
      At line 534 in file ..\CORE\startup_stm32h743xx.s
   Uses
      At line 158 in file ..\CORE\startup_stm32h743xx.s
      At line 393 in file ..\CORE\startup_stm32h743xx.s

RTC_Alarm_IRQHandler 00000036

Symbol: RTC_Alarm_IRQHandler
   Definitions
      At line 501 in file ..\CORE\startup_stm32h743xx.s
   Uses
      At line 119 in file ..\CORE\startup_stm32h743xx.s
      At line 360 in file ..\CORE\startup_stm32h743xx.s

RTC_WKUP_IRQHandler 00000036

Symbol: RTC_WKUP_IRQHandler
   Definitions
      At line 463 in file ..\CORE\startup_stm32h743xx.s
   Uses
      At line 81 in file ..\CORE\startup_stm32h743xx.s
      At line 321 in file ..\CORE\startup_stm32h743xx.s




ARM Macro Assembler    Page 17 Alphabetic symbol ordering
Relocatable symbols

Reset_Handler 00000000

Symbol: Reset_Handler
   Definitions
      At line 237 in file ..\CORE\startup_stm32h743xx.s
   Uses
      At line 61 in file ..\CORE\startup_stm32h743xx.s
      At line 238 in file ..\CORE\startup_stm32h743xx.s

SAI1_IRQHandler 00000036

Symbol: SAI1_IRQHandler
   Definitions
      At line 541 in file ..\CORE\startup_stm32h743xx.s
   Uses
      At line 165 in file ..\CORE\startup_stm32h743xx.s
      At line 400 in file ..\CORE\startup_stm32h743xx.s

SAI2_IRQHandler 00000036

Symbol: SAI2_IRQHandler
   Definitions
      At line 545 in file ..\CORE\startup_stm32h743xx.s
   Uses
      At line 169 in file ..\CORE\startup_stm32h743xx.s
      At line 404 in file ..\CORE\startup_stm32h743xx.s

SAI3_IRQHandler 00000036

Symbol: SAI3_IRQHandler
   Definitions
      At line 568 in file ..\CORE\startup_stm32h743xx.s
   Uses
      At line 192 in file ..\CORE\startup_stm32h743xx.s
      At line 427 in file ..\CORE\startup_stm32h743xx.s

SAI4_IRQHandler 00000036

Symbol: SAI4_IRQHandler
   Definitions
      At line 597 in file ..\CORE\startup_stm32h743xx.s
   Uses
      At line 224 in file ..\CORE\startup_stm32h743xx.s
      At line 456 in file ..\CORE\startup_stm32h743xx.s

SDMMC1_IRQHandler 00000036

Symbol: SDMMC1_IRQHandler
   Definitions
      At line 508 in file ..\CORE\startup_stm32h743xx.s
   Uses
      At line 127 in file ..\CORE\startup_stm32h743xx.s
      At line 367 in file ..\CORE\startup_stm32h743xx.s

SDMMC2_IRQHandler 00000036

Symbol: SDMMC2_IRQHandler
   Definitions
      At line 577 in file ..\CORE\startup_stm32h743xx.s



ARM Macro Assembler    Page 18 Alphabetic symbol ordering
Relocatable symbols

   Uses
      At line 202 in file ..\CORE\startup_stm32h743xx.s
      At line 436 in file ..\CORE\startup_stm32h743xx.s

SPDIF_RX_IRQHandler 00000036

Symbol: SPDIF_RX_IRQHandler
   Definitions
      At line 551 in file ..\CORE\startup_stm32h743xx.s
   Uses
      At line 175 in file ..\CORE\startup_stm32h743xx.s
      At line 410 in file ..\CORE\startup_stm32h743xx.s

SPI1_IRQHandler 00000036

Symbol: SPI1_IRQHandler
   Definitions
      At line 495 in file ..\CORE\startup_stm32h743xx.s
   Uses
      At line 113 in file ..\CORE\startup_stm32h743xx.s
      At line 354 in file ..\CORE\startup_stm32h743xx.s

SPI2_IRQHandler 00000036

Symbol: SPI2_IRQHandler
   Definitions
      At line 496 in file ..\CORE\startup_stm32h743xx.s
   Uses
      At line 114 in file ..\CORE\startup_stm32h743xx.s
      At line 355 in file ..\CORE\startup_stm32h743xx.s

SPI3_IRQHandler 00000036

Symbol: SPI3_IRQHandler
   Definitions
      At line 510 in file ..\CORE\startup_stm32h743xx.s
   Uses
      At line 129 in file ..\CORE\startup_stm32h743xx.s
      At line 369 in file ..\CORE\startup_stm32h743xx.s

SPI4_IRQHandler 00000036

Symbol: SPI4_IRQHandler
   Definitions
      At line 538 in file ..\CORE\startup_stm32h743xx.s
   Uses
      At line 162 in file ..\CORE\startup_stm32h743xx.s
      At line 397 in file ..\CORE\startup_stm32h743xx.s

SPI5_IRQHandler 00000036

Symbol: SPI5_IRQHandler
   Definitions
      At line 539 in file ..\CORE\startup_stm32h743xx.s
   Uses
      At line 163 in file ..\CORE\startup_stm32h743xx.s
      At line 398 in file ..\CORE\startup_stm32h743xx.s

SPI6_IRQHandler 00000036



ARM Macro Assembler    Page 19 Alphabetic symbol ordering
Relocatable symbols


Symbol: SPI6_IRQHandler
   Definitions
      At line 540 in file ..\CORE\startup_stm32h743xx.s
   Uses
      At line 164 in file ..\CORE\startup_stm32h743xx.s
      At line 399 in file ..\CORE\startup_stm32h743xx.s

SVC_Handler 0000002E

Symbol: SVC_Handler
   Definitions
      At line 298 in file ..\CORE\startup_stm32h743xx.s
   Uses
      At line 71 in file ..\CORE\startup_stm32h743xx.s
      At line 299 in file ..\CORE\startup_stm32h743xx.s

SWPMI1_IRQHandler 00000036

Symbol: SWPMI1_IRQHandler
   Definitions
      At line 569 in file ..\CORE\startup_stm32h743xx.s
   Uses
      At line 193 in file ..\CORE\startup_stm32h743xx.s
      At line 428 in file ..\CORE\startup_stm32h743xx.s

SysTick_Handler 00000034

Symbol: SysTick_Handler
   Definitions
      At line 311 in file ..\CORE\startup_stm32h743xx.s
   Uses
      At line 75 in file ..\CORE\startup_stm32h743xx.s
      At line 312 in file ..\CORE\startup_stm32h743xx.s

TAMP_STAMP_IRQHandler 00000036

Symbol: TAMP_STAMP_IRQHandler
   Definitions
      At line 462 in file ..\CORE\startup_stm32h743xx.s
   Uses
      At line 80 in file ..\CORE\startup_stm32h743xx.s
      At line 320 in file ..\CORE\startup_stm32h743xx.s

TIM15_IRQHandler 00000036

Symbol: TIM15_IRQHandler
   Definitions
      At line 570 in file ..\CORE\startup_stm32h743xx.s
   Uses
      At line 194 in file ..\CORE\startup_stm32h743xx.s
      At line 429 in file ..\CORE\startup_stm32h743xx.s

TIM16_IRQHandler 00000036

Symbol: TIM16_IRQHandler
   Definitions
      At line 571 in file ..\CORE\startup_stm32h743xx.s
   Uses



ARM Macro Assembler    Page 20 Alphabetic symbol ordering
Relocatable symbols

      At line 195 in file ..\CORE\startup_stm32h743xx.s
      At line 430 in file ..\CORE\startup_stm32h743xx.s

TIM17_IRQHandler 00000036

Symbol: TIM17_IRQHandler
   Definitions
      At line 572 in file ..\CORE\startup_stm32h743xx.s
   Uses
      At line 196 in file ..\CORE\startup_stm32h743xx.s
      At line 431 in file ..\CORE\startup_stm32h743xx.s

TIM1_BRK_IRQHandler 00000036

Symbol: TIM1_BRK_IRQHandler
   Definitions
      At line 484 in file ..\CORE\startup_stm32h743xx.s
   Uses
      At line 102 in file ..\CORE\startup_stm32h743xx.s
      At line 343 in file ..\CORE\startup_stm32h743xx.s

TIM1_CC_IRQHandler 00000036

Symbol: TIM1_CC_IRQHandler
   Definitions
      At line 487 in file ..\CORE\startup_stm32h743xx.s
   Uses
      At line 105 in file ..\CORE\startup_stm32h743xx.s
      At line 346 in file ..\CORE\startup_stm32h743xx.s

TIM1_TRG_COM_IRQHandler 00000036

Symbol: TIM1_TRG_COM_IRQHandler
   Definitions
      At line 486 in file ..\CORE\startup_stm32h743xx.s
   Uses
      At line 104 in file ..\CORE\startup_stm32h743xx.s
      At line 345 in file ..\CORE\startup_stm32h743xx.s

TIM1_UP_IRQHandler 00000036

Symbol: TIM1_UP_IRQHandler
   Definitions
      At line 485 in file ..\CORE\startup_stm32h743xx.s
   Uses
      At line 103 in file ..\CORE\startup_stm32h743xx.s
      At line 344 in file ..\CORE\startup_stm32h743xx.s

TIM2_IRQHandler 00000036

Symbol: TIM2_IRQHandler
   Definitions
      At line 488 in file ..\CORE\startup_stm32h743xx.s
   Uses
      At line 106 in file ..\CORE\startup_stm32h743xx.s
      At line 347 in file ..\CORE\startup_stm32h743xx.s

TIM3_IRQHandler 00000036




ARM Macro Assembler    Page 21 Alphabetic symbol ordering
Relocatable symbols

Symbol: TIM3_IRQHandler
   Definitions
      At line 489 in file ..\CORE\startup_stm32h743xx.s
   Uses
      At line 107 in file ..\CORE\startup_stm32h743xx.s
      At line 348 in file ..\CORE\startup_stm32h743xx.s

TIM4_IRQHandler 00000036

Symbol: TIM4_IRQHandler
   Definitions
      At line 490 in file ..\CORE\startup_stm32h743xx.s
   Uses
      At line 108 in file ..\CORE\startup_stm32h743xx.s
      At line 349 in file ..\CORE\startup_stm32h743xx.s

TIM5_IRQHandler 00000036

Symbol: TIM5_IRQHandler
   Definitions
      At line 509 in file ..\CORE\startup_stm32h743xx.s
   Uses
      At line 128 in file ..\CORE\startup_stm32h743xx.s
      At line 368 in file ..\CORE\startup_stm32h743xx.s

TIM6_DAC_IRQHandler 00000036

Symbol: TIM6_DAC_IRQHandler
   Definitions
      At line 513 in file ..\CORE\startup_stm32h743xx.s
   Uses
      At line 132 in file ..\CORE\startup_stm32h743xx.s
      At line 372 in file ..\CORE\startup_stm32h743xx.s

TIM7_IRQHandler 00000036

Symbol: TIM7_IRQHandler
   Definitions
      At line 514 in file ..\CORE\startup_stm32h743xx.s
   Uses
      At line 133 in file ..\CORE\startup_stm32h743xx.s
      At line 373 in file ..\CORE\startup_stm32h743xx.s

TIM8_BRK_TIM12_IRQHandler 00000036

Symbol: TIM8_BRK_TIM12_IRQHandler
   Definitions
      At line 502 in file ..\CORE\startup_stm32h743xx.s
   Uses
      At line 121 in file ..\CORE\startup_stm32h743xx.s
      At line 361 in file ..\CORE\startup_stm32h743xx.s

TIM8_CC_IRQHandler 00000036

Symbol: TIM8_CC_IRQHandler
   Definitions
      At line 505 in file ..\CORE\startup_stm32h743xx.s
   Uses
      At line 124 in file ..\CORE\startup_stm32h743xx.s



ARM Macro Assembler    Page 22 Alphabetic symbol ordering
Relocatable symbols

      At line 364 in file ..\CORE\startup_stm32h743xx.s

TIM8_TRG_COM_TIM14_IRQHandler 00000036

Symbol: TIM8_TRG_COM_TIM14_IRQHandler
   Definitions
      At line 504 in file ..\CORE\startup_stm32h743xx.s
   Uses
      At line 123 in file ..\CORE\startup_stm32h743xx.s
      At line 363 in file ..\CORE\startup_stm32h743xx.s

TIM8_UP_TIM13_IRQHandler 00000036

Symbol: TIM8_UP_TIM13_IRQHandler
   Definitions
      At line 503 in file ..\CORE\startup_stm32h743xx.s
   Uses
      At line 122 in file ..\CORE\startup_stm32h743xx.s
      At line 362 in file ..\CORE\startup_stm32h743xx.s

UART4_IRQHandler 00000036

Symbol: UART4_IRQHandler
   Definitions
      At line 511 in file ..\CORE\startup_stm32h743xx.s
   Uses
      At line 130 in file ..\CORE\startup_stm32h743xx.s
      At line 370 in file ..\CORE\startup_stm32h743xx.s

UART5_IRQHandler 00000036

Symbol: UART5_IRQHandler
   Definitions
      At line 512 in file ..\CORE\startup_stm32h743xx.s
   Uses
      At line 131 in file ..\CORE\startup_stm32h743xx.s
      At line 371 in file ..\CORE\startup_stm32h743xx.s

UART7_IRQHandler 00000036

Symbol: UART7_IRQHandler
   Definitions
      At line 536 in file ..\CORE\startup_stm32h743xx.s
   Uses
      At line 160 in file ..\CORE\startup_stm32h743xx.s
      At line 395 in file ..\CORE\startup_stm32h743xx.s

UART8_IRQHandler 00000036

Symbol: UART8_IRQHandler
   Definitions
      At line 537 in file ..\CORE\startup_stm32h743xx.s
   Uses
      At line 161 in file ..\CORE\startup_stm32h743xx.s
      At line 396 in file ..\CORE\startup_stm32h743xx.s

USART1_IRQHandler 00000036

Symbol: USART1_IRQHandler



ARM Macro Assembler    Page 23 Alphabetic symbol ordering
Relocatable symbols

   Definitions
      At line 497 in file ..\CORE\startup_stm32h743xx.s
   Uses
      At line 115 in file ..\CORE\startup_stm32h743xx.s
      At line 356 in file ..\CORE\startup_stm32h743xx.s

USART2_IRQHandler 00000036

Symbol: USART2_IRQHandler
   Definitions
      At line 498 in file ..\CORE\startup_stm32h743xx.s
   Uses
      At line 116 in file ..\CORE\startup_stm32h743xx.s
      At line 357 in file ..\CORE\startup_stm32h743xx.s

USART3_IRQHandler 00000036

Symbol: USART3_IRQHandler
   Definitions
      At line 499 in file ..\CORE\startup_stm32h743xx.s
   Uses
      At line 117 in file ..\CORE\startup_stm32h743xx.s
      At line 358 in file ..\CORE\startup_stm32h743xx.s

USART6_IRQHandler 00000036

Symbol: USART6_IRQHandler
   Definitions
      At line 526 in file ..\CORE\startup_stm32h743xx.s
   Uses
      At line 149 in file ..\CORE\startup_stm32h743xx.s
      At line 385 in file ..\CORE\startup_stm32h743xx.s

UsageFault_Handler 0000002C

Symbol: UsageFault_Handler
   Definitions
      At line 294 in file ..\CORE\startup_stm32h743xx.s
   Uses
      At line 66 in file ..\CORE\startup_stm32h743xx.s
      At line 295 in file ..\CORE\startup_stm32h743xx.s

WAKEUP_PIN_IRQHandler 00000036

Symbol: WAKEUP_PIN_IRQHandler
   Definitions
      At line 598 in file ..\CORE\startup_stm32h743xx.s
   Uses
      At line 227 in file ..\CORE\startup_stm32h743xx.s
      At line 457 in file ..\CORE\startup_stm32h743xx.s

WWDG_IRQHandler 00000036

Symbol: WWDG_IRQHandler
   Definitions
      At line 460 in file ..\CORE\startup_stm32h743xx.s
   Uses
      At line 78 in file ..\CORE\startup_stm32h743xx.s
      At line 318 in file ..\CORE\startup_stm32h743xx.s



ARM Macro Assembler    Page 24 Alphabetic symbol ordering
Relocatable symbols


__user_initial_stackheap 00000038

Symbol: __user_initial_stackheap
   Definitions
      At line 620 in file ..\CORE\startup_stm32h743xx.s
   Uses
      At line 618 in file ..\CORE\startup_stm32h743xx.s
Comment: __user_initial_stackheap used once
152 symbols



ARM Macro Assembler    Page 1 Alphabetic symbol ordering
Absolute symbols

Heap_Size 00004000

Symbol: Heap_Size
   Definitions
      At line 43 in file ..\CORE\startup_stm32h743xx.s
   Uses
      At line 47 in file ..\CORE\startup_stm32h743xx.s
      At line 624 in file ..\CORE\startup_stm32h743xx.s

Stack_Size 00008000

Symbol: Stack_Size
   Definitions
      At line 32 in file ..\CORE\startup_stm32h743xx.s
   Uses
      At line 35 in file ..\CORE\startup_stm32h743xx.s
      At line 623 in file ..\CORE\startup_stm32h743xx.s

__Vectors_Size 00000298

Symbol: __Vectors_Size
   Definitions
      At line 232 in file ..\CORE\startup_stm32h743xx.s
   Uses
      At line 58 in file ..\CORE\startup_stm32h743xx.s
Comment: __Vectors_Size used once
3 symbols



ARM Macro Assembler    Page 1 Alphabetic symbol ordering
External symbols

__main 00000000

Symbol: __main
   Definitions
      At line 243 in file ..\CORE\startup_stm32h743xx.s
   Uses
      At line 268 in file ..\CORE\startup_stm32h743xx.s
Comment: __main used once
__use_two_region_memory 00000000

Symbol: __use_two_region_memory
   Definitions
      At line 617 in file ..\CORE\startup_stm32h743xx.s
   Uses
      None
Comment: __use_two_region_memory unused
2 symbols
504 symbols in table
