:020000040800F2
:1000000098C3002025040008490400084B04000898
:10001000ED5300084F0400085104000800000000E0
:100020000000000000000000000000005304000871
:100030005504000800000000570400085904000897
:100040005B0400085B0400085B0400085B04000814
:100050005B0400085B0400085B0400085B04000804
:100060005B0400085B0400085B0400085B040008F4
:100070005B0400085B0400085B0400085B040008E4
:100080005B0400085B0400085B0400085B040008D4
:100090005B0400085B0400085B0400085B040008C4
:1000A0005B0400085B0400085B0400085B040008B4
:1000B0005B0400085B040008016600085B0400089C
:1000C0005B0400085B0400085B0400085B04000894
:1000D0005B040008456900085B0400085B04000835
:1000E0005B0400085B040008000000005B040008DB
:1000F0005B0400085B0400085B0400085B04000864
:100100005B0400085B040008156700085B04000836
:100110005B0400085B0400085B0400085B04000843
:100120005B0400085B0400085B0400085B04000833
:100130005B0400085B0400085B0400085B04000823
:1001400000000000000000000000000000000000AF
:100150005B0400085B0400085B0400085B04000803
:100160005B0400085B0400085B0400085B040008F3
:100170005B0400085B0400085B040008000000004A
:100180005B0400085B0400085B0400085B040008D3
:100190005B0400085B0400085B0400085B040008C3
:1001A0005B0400085B0400085B0400085B040008B3
:1001B0005B0400085B0400085B0400085B040008A3
:1001C0005B0400085B0400085B0400085B04000893
:1001D0005B0400085B0400085B0400085B04000883
:1001E0005B0400085B0400085B0400085B04000873
:1001F0005B0400085B0400085B0400085B04000863
:100200005B0400085B0400085B0400085B04000852
:100210005B0400085B0400085B0400085B04000842
:100220005B0400085B0400085B0400080000000099
:100230005B0400085B040008000000005B04000889
:100240005B0400085B0400085B0400085B04000812
:100250005B0400085B0400085B0400085B04000802
:100260005B0400085B0400085B0400085B040008F2
:100270005B0400085B0400085B0400080000000049
:100280005B0400085B0400085B0400080000000039
:10029000000000005B04000800F002F800F0B2F873
:1002A0000AA090E8000C82448344AAF10107DA45D1
:1002B00001D100F0A7F8AFF2090EBAE80F0013F071
:1002C000010F18BFFB1A43F0010318470883000011
:1002D000488300000A444FF0000C10F8013B13F073
:1002E000070408BF10F8014B1D1108BF10F8015B8F
:1002F000641E05D010F8016B641E01F8016BF9D182
:1003000013F0080F1EBF10F8014BAD1C0C1B09D1D8
:100310006D1E58BF01F801CBFAD505E014F8016B4A
:1003200001F8016B6D1EF9D59142D6D370470000DC
:100330000023002400250026103A28BF78C1FBD8EE
:10034000520728BF30C148BF0B6070476E2900F0CC
:100350007685702901F0BB80662907F03386652910
:1003600007F03086672907F02D86612907F02C8673
:1003700003681B0A28BF41F08001692900F0A083AF
:10038000642900F09D83752900F09A836F2901F09C
:100390004880782901F08780E92900F0E387E42983
:1003A00000F0E087F52900F0DD87EF2901F04580B6
:1003B000F82901F086800368DB0928BF41F080013D
:1003C000632901F0B982732901F0BE82E32901F0AB
:1003D000C982F32901F0CE82002070471FB507F0D3
:1003E000DBFD01F07FF804000020002107F0BEFDD6
:1003F000401C60600020002107F0A2FDE0601FBDEE
:1004000010B510BD01F054FB1146FFF7E7FF06F0F1
:1004100009FC01F07BFB03B4FFF7F2FF03BC06F01D
:1004200079FB0000DFF84000016841F470010160D1
:10043000BFF34F8FDFF83400016821F040410160C5
:10044000BFF36F8F0A480047FEE7FEE7FEE7FEE7CF
:10045000FEE7FEE7FEE7FEE7FEE7FEE705480649A2
:10046000064A074B7047000088ED00E034EF00E0DB
:10047000990200089803002098C3002098430020A8
:100480009843002093081CD0D0ED000A90ED011A8B
:10049000D0ED021A90ED032A60EE800A21EE001AD8
:1004A00061EE802A62EE001AC1ED000A81ED011AA8
:1004B000C1ED022A1030C1ED031A5B1E01F11001DB
:1004C000E2D112F0030208BF7047B2F1004F27D209
:1004D000002AD8BF704712F0010FA0F10400A1F16B
:1004E000040107D0D0ED010A001D60EE800AC1EDC5
:1004F000010A091D520808BF704700BFD0ED010A6C
:100500000830521E60EE800AC1ED010AD0ED000AEB
:1005100060EE800AC1ED020A01F10801EED17047D8
:10052000F0EC010A521E60EE800AE1EC010AF7D1FC
:100530007047F0B44F1E002490ED000ABE08254617
:1005400000F1040C2ED0DCED000A9CED011A0CF138
:100550000800B4EEE00AF1EE10FA3CBF651CB0EE04
:10056000600AB4EEC10AF1EE10FA3CBFA51CB0EE71
:10057000410AD0ED000A90ED011A00F1080CB4EE2A
:10058000E00AF1EE10FA3CBFE51CB0EE600AB4EEF2
:10059000C10AF1EE10FA3CBF251DB0EE410A241D40
:1005A000761ED0D117F0030018D0B0F1004F0446EA
:1005B00019D20028C8BF002610DDDCED000AF4EED9
:1005C000C00AF1EE10FA03DD8D192D1AB0EE600AA3
:1005D000641E06F101060CF1040CEED182ED000A56
:1005E0001D60F0BC7047FCEC010AB4EEE00AF1EECD
:1005F00010FA3CBF0D1AB0EE600A401EF3D1EDE7D1
:10060000F0B44F1E002490ED000ABE08254600F10C
:10061000040C2ED0DCED000A9CED011A0CF1080050
:10062000B4EEE00AF1EE10FAC4BF651CB0EE600A49
:10063000B4EEC10AF1EE10FAC4BFA51CB0EE410A37
:10064000D0ED000A90ED011A00F1080CB4EEE00ABA
:10065000F1EE10FAC4BFE51CB0EE600AB4EEC10AB8
:10066000F1EE10FAC4BF251DB0EE410A241D761E1E
:10067000D0D117F0030018D0B0F1004F044619D2C2
:100680000028C8BF002610DDDCED000AF4EEC00A29
:10069000F1EE10FA03D28D192D1AB0EE600A641E25
:1006A00006F101060CF1040CEED182ED000A1D608A
:1006B000F0BC7047FCEC010AB4EEE00AF1EE10FA6F
:1006C000C4BF0D1AB0EE600A401EF3D1EDE7000082
:1006D0009FED3A1A8B084DF8044DB0EE410A1DD03B
:1006E000B3F1004F4DD2002BC4BF84461C4615DD2C
:1006F000DCED002A9CED012ADCED021A02EEA20AD2
:10070000DCED030A641E0CF1100C02EE020A01EE8D
:10071000A10A00EEA00AEBD100EB031011F00303D5
:100720001BD0B3F1004F42D2002B16DD13F0010FA6
:10073000A0F1040004D0D0ED010A001D00EEA00AD3
:100740005B080AD0D0ED011AD0ED020A083001EEA4
:10075000A10A5B1E00EEA00AF4D100EE901AF8EE9A
:10076000601AC0EE210AF5EEC00AF1EE10FAA6BF3B
:10077000B1EEE00A82ED000A82ED001A5DF8044B4A
:100780007047D0ED000A00EEA00AD0ED010A083053
:100790005B1E00EEA00AD0ED000A00EEA00AD0ED2C
:1007A000010A00F1080000EEA00AEAD1B6E7F0EC79
:1007B000010A5B1E00EEA00AF9D1CEE7000000009E
:1007C0008A0817D0B2F1004F32D2002AC4BF0346C4
:1007D00094460FDDF0EE400AC3ED000AC3ED010AB6
:1007E000C3ED020AC3ED030A1033BCF1010CF1D1D1
:1007F00000EB021011F0030108BF7047B1F1004F88
:1008000024D20029D8BF704711F0010FA0F10400D5
:100810001CBF80ED010A001D490808BF704700BFDA
:1008200080ED010A80ED020A0830491EF8D17047B8
:10083000F0EE400AC0ED000AC0ED010AC0ED020A68
:100840000C30521EE0EC010AF2D1D3E7491EA0ECB5
:10085000010AFBD17047000093084DF8044DC0EA2F
:10086000004C0FD0B3F1004F2ED2012B4FF00104FA
:1008700008DB00BFC1F800C0641CC1F804C0083127
:10088000A342F7DA12F0030204BF5DF8044B70478D
:10089000B2F1004F20D2002ADCBF5DF8044B704754
:1008A00012F0010FA1F1020118BF21F8020F520846
:1008B00004BF5DF8044B70474880521E21F8040FB6
:1008C000FAD15DF8044B7047C1F800C0C1F804C00C
:1008D00008315B1EF8D1D5E7521E21F8020BFBD17F
:1008E0005DF8044B7047000070B45FEA920C9FED16
:1008F000690A3BD0BCF1004F7DD2BCF1000F35DD61
:1009000004460B464FEA0C056D1EB4F9006000EE7C
:10091000906AF8EEE00A60EE800AC3ED000AB4F9CE
:10092000026000EE906AF8EEE00A60EE800AC3ED25
:10093000010AB4F9046000EE906AF8EEE00A60EE95
:10094000800AC3ED020AB4F9066004F1080400EE5F
:10095000906AF8EEE00A60EE800AC3ED030A03F144
:100960001003D1D100EBCC0001EB0C1112F003020B
:1009700004BF70BC7047B2F1004F7CD2541E002CF3
:100980002EDD12F0010FA0F10203A1F1040C0BD136
:1009900033F9025F00EE905AF8EEE00A60EE800A4A
:1009A000CCED010A0CF1040CB3F90250641017D01D
:1009B00000EE905A33F9045F641EB8EEE01A00EEC0
:1009C000905AF8EEE00A21EE001A60EE800A8CEDF3
:1009D000011AB3F90250CCED020A0CF1080CE7D170
:1009E000521E44BF70BC704701EB820130F9120007
:1009F00000EE900A00E007E0F8EEE00A20EE800A40
:100A000081ED000A70BC704730F9023B00EE903A6D
:100A1000F8EEE00A60EE800AC1ED000AB0F900309D
:100A200000EE903A831CF8EEE00A60EE800AC1ED19
:100A3000010AB0F9020000EE900A01F10800991CC9
:100A4000F8EEE00ABCF1010C60EE800AC0ED000A8D
:100A5000B3F9023000EE903A00F1040301F1020014
:100A6000F8EEE00A03F1040160EE800AC3ED000A2B
:100A7000CAD17BE7FFE730F9023B521E00EE903A05
:100A8000F8EEE00A60EE800AE1EC010AF3D170BCF6
:100A90007047000000000038704700000A46014916
:100AA00000F0F0BB240000200FB4044910B503AAE5
:100AB000029800F0E7FB10BC5DF814FB2400002056
:100AC0002DE9F0410646002410687529314616A527
:100AD00010D000F020F9002802DA404213A507E008
:100AE00031688A0701D512A502E0490704D511A58E
:100AF000012401E000F018F900210A2206F1240780
:100B000009E0B0FBF2FCB0FBF2F302FB1C0030305A
:100B100078541846491C0028F3D123462A4630460B
:100B2000BDE8F04100F032B9000000002D000000E7
:100B30002B000000200000002DE9F05F89460446EC
:100B40004FF0000ADFF874B1FB44C0F820A0204643
:100B5000E1688847002874D0252806D0D4E901210F
:100B60009047206A401C2062F1E700265F4620463D
:100B7000E16888472028054607DB312D05D2781922
:100B800010F8200C08B10643F1E7B00701D526F0B4
:100B90000406C4F81CA00027C4F818A02A2D09D008
:100BA000284605F0B0FF38B304EB8708303DC8F89D
:100BB000185019E059F8041B204604EB8702916194
:100BC000E1688847012F054618D1E069002820DA3E
:100BD00026F020061DE0D8F8180000EB800005EB99
:100BE00040003038C8F818002046E16888470546BC
:100BF00005F089FF0028EED1012F0AD02E2D08D153
:100C00002046E16888477F1C0546022F46F02006F3
:100C1000C4DBA069002803DA404246F00106A06167
:100C2000F00701D026F010066C2D0BD0682D09D0EE
:100C30004C2D39D06A2D35D0742D35D07A2D33D046
:100C400016E038E0E1682F4620468847B84205465E
:100C500009D16C2F26D04FF48060E168064320460E
:100C60008847054604E06C2F1AD04FF48070064385
:100C70000DB3A5F14100192802D8203546F40066CD
:100C80004A462946204626604E46FFF75FFB80B164
:100C900001280BD0F61D26F0070000F1080956E7E1
:100CA0004020E4E78020D8E70020D6E706F10409D9
:100CB0004DE7284652E7206ABDE8F09F80740000A7
:100CC000704770477047704770B504468569006883
:100CD000C10601D5302600E02026C00707D070BD30
:100CE000D4E9012130469047206A401C20626D1EE5
:100CF000F6D570BD70B5044685690078C00707D188
:100D000070BDD4E9012120209047206A401C206258
:100D10006D1EF6D570BD09684A0501D540B2704711
:100D2000C905FCD500B2704709684A0501D5C0B2B3
:100D30007047C905FCD580B2704770B50C460546B2
:100D4000012A05D02878800600D5EA69002302E050
:100D5000012305E05B1C934202D2E05C0028F9D13C
:100D6000A869E618C01AA861286A184428622846AB
:100D7000FFF7AAFF04E0D5E9012114F8010B904721
:100D8000B442F8D32846FFF7B5FF70BD2DE9F04710
:100D90000D4699469246044600F1240801688806EB
:100DA00004D5E06921F01001216000E00120A84293
:100DB00001DD471B00E00027A1697A1902EB090059
:100DC000081AA0612078C00602D42046FFF77CFFF5
:100DD000002608E0D4E901211AF806009047206AAD
:100DE000401C761C20624E45F4DB2078C0060AD5F4
:100DF0002046FFF769FF06E0D4E901213020904743
:100E0000206A401C2062381EA7F10107F4DC07E0CD
:100E1000D4E9012118F805009047206A401C20629F
:100E2000281EA5F10105F3DC2046FFF763FF2078BB
:100E3000000602D50220BDE8F0870120FBE711681B
:100E40000268006A530501D508700AE0D30501D590
:100E5000088006E0130603D5C217C1E9000200E0CE
:100E600008600120704770472DE9FF4F0C461E4671
:100E70004FF0FF378BB0D2E90001DDF860800A90B7
:100E80008A46C1F30A5505B93D460021084607F0D8
:100E900089F8BAF1000F00F4400005DA00EB800099
:100EA0004FF4400101EA50004FEA9059B9F1010FA7
:100EB00000DDB9460A9850EA4A000ED044F61050B8
:100EC000A5F2FF3545432F14B8F1000F1ED075422F
:100ED000291E1EDDC9F100021CE0B8F1010F4FF020
:100EE000000001D0302103E0F24305E02154401C12
:100EF000B042FBDB30460022002121540B99C1F89F
:100F00000880C1E900200FB0BDE8F08FBD1B6D1C4B
:100F1000DEE74A4600DA694206A800F02FFD06AB7C
:100F200093E8070003AB83E8070050460A9900F0F6
:100F30002BFE8DE80700A0F500501F3800900398A5
:100F4000002D0ADD42F21F014A460844002303A98E
:100F50000390684601F094F809E0A0F500504A4675
:100F60001F38002303A90390684601F09EF88DE81E
:100F700007000004000C03D04FF0FF30410800E0F0
:100F80001046B8F1000F03D00022009215461EE073
:100F9000751E05D400F0AAFA303262556D1EF9D5DF
:100FA000B3460122084302D000227F1C04E02078CF
:100FB000302801D100227F1E002A099784D01DE02D
:100FC000112D07DA00F092FA303262556D1C50EAAA
:100FD0000102F5D1084302D00098C8B10EE000210B
:100FE000681E05E0235C625C63542254401E491C69
:100FF0008142F7DBAB46A81B401E0990002004F895
:101000000B000B98099AC0F80880C0E9002B7AE71A
:1010100011264FF0000857E72DE9F04F88460446A7
:10102000D21D22F0070191B0D1E90001CDE90A01FA
:1010300005F04EFD02460B98C00F01D02D2007E0B1
:101040002068810701D52B2002E0202101EAC000A1
:10105000032A099001D0072A05DB034641462046B2
:1010600000F020FC0BE12078800601D5E06900E06B
:101070000620B8F1650F814606D0B8F1660F18D08A
:10108000B8F1670F70D131E00020B9F1110F009075
:1010900001DB112301E009F101030AAA01A90CA84F
:1010A000FFF7E2FEDDE90C70002609F10105834639
:1010B00047E001204B4600904FF000470AAA01A9E3
:1010C0000CA8FFF7D1FEDDE90DB00C995D460026B6
:1010D00010B909F101000D18B9EB050003D4C0F1F6
:1010E000FF3609F10105A5EB09002BE0B9F1010F6D
:1010F00001DA4FF001090020B9F1110F00904846C4
:1011000001DD112300E003460AAA01A90CA8FFF79C
:10111000ABFEDDE90C704D460026834620780007C3
:101120000AD4AB4500DA5D4601A8012D04DD411962
:1011300011F8011C302907D04F4502DA17F1040FCE
:1011400004DA012082460FE06D1EEEE7002F02DC7C
:10115000ED1B3E4403E0781CA84200DD7D1CB81B5B
:1011600000F1010A4FF000472078000703D4AA4598
:1011700001DB4FF0FF3A0021B7F1004F0DF14308BA
:101180008DF8431024D002202B23002F01DA7F4258
:101190002D230A21021EA0F1010000DC5FB197FBA4
:1011A000F1FC97FBF1F201FB1C7C17460CF1300CB3
:1011B00008F801CDEEE7A8F10100037021880905C8
:1011C00001D5452100E06521A0F1010800F8011CCE
:1011D00009980FA9A1EB0807FF1D00B101204119D3
:1011E00001EBEA70A1693844081A401EA06120781A
:1011F000C00602D42046FFF767FD099828B1D4E95C
:1012000001219047206A401C20622078C00622D528
:101210002046FFF759FD1EE0002E04DBB34502DD3A
:1012200001A8805D00E03020D4E901219047206AC8
:10123000401C2062761CAAF101005FEA000A0AD174
:1012400000F050F9C0680168405CD4E90121904782
:10125000206A401C2062281EA5F10105DCDC07E0A5
:10126000D4E9012118F8010B9047206A401C206244
:10127000381EA7F10107F3DC2046FFF73BFD0320F2
:1012800011B041E6074B70B50D467B4400F0F7FA0C
:101290000446284600F0E4FB10B14FF0FF3070BD6B
:1012A000204670BD7B5900002DE9FF5F15468A4638
:1012B0000446DFF8AC80F8440027D8E900103E4629
:1012C000CDE9001010E03AF816106A4602A800F0C6
:1012D000CBFB411C07D02178890603D5E269391878
:1012E00091420DD80744761C2078800602D5E0692B
:1012F000B84205DDAE42E6DB3AF816000028E2D13E
:10130000A069C01BA0612046FFF7DEFCD8E90010F1
:10131000CDE90010002017E03AF818106A4602A83C
:1013200000F0A2FBB0F1FF3F81460BD000250DF18C
:10133000080B05E0D4E901211BF8050090476D1C5E
:101340004D45F7D308F10100B0428046E4DB206A46
:10135000384420622046FFF7CDFCBDE8FF9F000027
:10136000266D00002DE9F0418046D21D22F00702D3
:101370000025D2E90002F52915A614D0011E72F14C
:10138000000106DA0023D0EB030063EB020211A692
:1013900008E0D8F800108B0701D50FA602E0490736
:1013A00001D50EA601251146002408F1240704E00A
:1013B00000F09CF830323A55641C50EA0102F7D133
:1013C0002B46324621464046BDE8F041FFF7DEBCE1
:1013D000000000002D0000002B0000002000000095
:1013E00030B4002100F1240408E002F00705D2081F
:1013F000303542EA4372DB086554491C52EA030562
:10140000F3D10468002310A2250707D5A40600D451
:1014100021B1C46901230DA2641EC46130BCFFF771
:10142000B5BC10B5044621461068FFF77DFC0246A6
:101430002046BDE810400023D2E7D21D22F007016C
:10144000D1E90023CCE700000000000030000000DC
:10145000F0B40D460188090502D5214C7C4402E018
:101460001F4C7C440E34002100F1240608E002F0F9
:101470000F071209E75D42EA03721B097754491C02
:1014800052EA0307F3D102780023120704D5702D26
:1014900006D009B1022311342246F0BCFFF776BC16
:1014A00001231034F8E770B504460D462146106854
:1014B000FFF73AFC024629462046BDE8704000236B
:1014C000C6E7D21D22F00703D3E90023C0E7036873
:1014D000126843F0200303600823C3610023B7E7C9
:1014E000886B0000004870475803002030B5B0F109
:1014F0000A024FEA900E71F100034EEA817EB0EBD2
:101500000E0061EB91014FEA101E4EEA017E10EBD6
:101510000E0041EB11114FEA102E4EEA016E10EB56
:101520000E0041EB11214FEA104E4EEA014E10EB36
:101530000E0041EB1141401841F100014FEAD0008B
:1015400040EA41704FEAD10110EB80054FEA810477
:1015500044EA907444EB01046D1944EB0404521BFB
:10156000A3414FF0000348BF0A3200D530BD401CF4
:1015700041F1000130BD00002DE9F04F04460D4659
:10158000D21D22F0070089B0D0E9009748463946BD
:1015900005F09EFA0246F80F01D02D2307E02068DF
:1015A000810701D52B2302E0202101EAC0038DF839
:1015B00020300BB1012000E00020032A824601D038
:1015C000072A04DB2946204600F06CF93FE1207829
:1015D000800601D40D2500E0E569C7F30A560D2DFC
:1015E00049DA00214FEA175B084606F0DBFC002FC2
:1015F00000F4400007DA00EB80004FF4400100EBFC
:10160000D07001EA60008115012901DD4FF0FF3142
:1016100000224FEA850CBCF1180F06D31346ACF13B
:1016200018004FF08052C24003E04FF4801323FAB9
:101630000CF30CF10C0CBCF1200F04D3ACF1200C1A
:1016400009FA0CF001E007FA0CF000294FF000480D
:1016500001DD18B90FE00ED140450CD319EB02099A
:101660005F4121B9404502D19F4329EA0209BBEB02
:10167000175F00D0761C2088000502D57B4878448F
:1016800002E07A487844193808AA302302F80A3070
:10169000037C0AF10101002E0AF1020A53546A4642
:1016A00002DC4FF0300101E04FF031014FF0010852
:1016B0008DF8001002D0A6F2FF3603E059EA470188
:1016C00000D06B4E002D02DC2178090704D54FF0C5
:1016D00002082E218DF80110C44600210BE0C7F34B
:1016E00003433F01C35C491C6D1E02F80830052905
:1016F00008F1010801DA002DF1DC00210CE000EB1B
:101700001973491C1B786D1E082902F808304FEA2E
:10171000091908F1010801DA002DF0DC21688B06B7
:1017200002D516E0A8F10108E04505DD02EB08034B
:1017300013F8013C302BF5D0B8F1000F09DD02EBB6
:10174000080313F8013C2E2B03D1090701D4A8F19B
:101750000108002D05DD3E2102F808106D1E08F17C
:101760000108407C002E02F8080008F1010804DAA4
:101770002D20764202F8080002E02B2002F8080033
:101780000A214FF47A70864208F101080BDB96FBC0
:10179000F0F3303302F8083096FBF0F308F101085B
:1017A00000FB136601E0642E0CDB642096FBF0F373
:1017B000303302F8083096FBF0F308F1010800FB23
:1017C000136601E00A2E06DB96FBF1F0303002F8DA
:1017D000080008F1010896FBF1F001FB10603030C1
:1017E00002F80800A16908F1010808EB050202EB04
:1017F0000A00081AA0612078C00602D42046FFF72C
:1018000063FA216A08AE01EB0A00206204E0D4E921
:10181000012116F8010B9047BAF1010AF7D220789E
:10182000C00602D52046FFF74FFA6E4609E016F8CB
:10183000010B3E280FD0D4E901219047206A401CBB
:101840002062B8F10108F2D22046FFF753FA09B03E
:101850000320BDE8F08F206A2844206203E0D4E929
:101860000121302090476D1EEBD3F8E7A1690000FD
:1018700002FCFFFF01694A1C02610878704700B54D
:101880008FB0CDE901310021059105497944CDE9B9
:10189000031011466846FFF74FF90FB000BD000076
:1018A000E5FFFFFF2DE9F0411F46044603260168CE
:1018B000072A01F4006004DB08B116A505E016A5AF
:1018C00003E008B115A500E015A521F01000206087
:1018D000A069C01EA0610FB1401EA0612046FFF7A5
:1018E000F3F94FB1D4E9012138469047206A401CF2
:1018F0002062C01C206206E0206AFAE7D4E90121D8
:1019000015F8010B9047761EF8D22046FFF7F2F942
:10191000BDE8F0814E414E006E616E00494E4600BA
:10192000696E660010B5436913B1AFF3008001E042
:10193000FFF703FA012010BD127800F124010A70AC
:1019400000224A700122EDE711684FF0FF32E9E70B
:1019500010B5436913B1AFF3008001E0FFF7A4FCB9
:10196000012010BD128800F1240182840022C2846B
:101970000122EDE711684FF0FF32E9E72DE9F0476A
:10198000814616468AB0354878440DC88DE80D006A
:1019900032487844801C03AC0DC884E80D0041F641
:1019A0009B300844372190FBF1F290FBF1F5A5F153
:1019B000800501FB12041B3C02D56442012000E0BB
:1019C0000020DFF898A080460027FA44AAF1BE0A5A
:1019D0000EE0E0070AD03246684607EB47010123D4
:1019E0000AEB810100F061FB8DE8070064107F1CA9
:1019F000002CEED1194F7F44AE3F19E0E80715D017
:101A000007EB04100DF1180A90E80E008AE80E00AA
:101A1000C068F04201D1981908903246012306A906
:101A200003A800F042FB03AB83E807006D10641CC1
:101A3000002DE3D14FF0010332466946B8F1000FA3
:101A400003A802D000F01CFB01E000F02EFBC9E966
:101A50000001C9F808200AB0BDE8F0872867000037
:101A6000007B00F08000704770B516460C460546B6
:101A700000F044F8036893F80101012806D0FF2C18
:101A80000FD8185D68B101202C7070BDD3F8070124
:101A90003246214603F2071303442846BDE870404E
:101AA00018474FF0FF3070BD0048704738030020E2
:101AB0007546FFF7F9FFAE4605006946534620F02C
:101AC0000700854618B020B5FEF7C8FCBDE82040E9
:101AD0004FF000064FF000074FF000084FF0000BEA
:101AE00021F00701AC46ACE8C009ACE8C009ACE89D
:101AF000C009ACE8C0098D467047000010B5FFF77B
:101B0000F1FC001D10BD00BF6564000010B5044667
:101B1000AFF300802046BDE81040FEF77CBC00001B
:101B20004FF0013C50F8042B51F8043B9A4215D178
:101B3000A2EB0C03934313EACC130BD150F8042B04
:101B400051F8043B9A4209D1A2EB0C03934313EAE8
:101B5000CC13E7D04FF00000704700BFD01A01BA95
:101B6000B1FA81F101F0180122FA01F0CB40C1F184
:101B70002001DBB2C0B2C01A2CFA01F3D11A914392
:101B800011EAC311E6D170475FEA400C08BF91F03B
:101B9000000F4FEA8C234FEAC12243EA51514FEA2A
:101BA0001C5018BF00F5F0404FEA300018BF41F05C
:101BB00000415FEA6C5C00F02980BCF1FF3F08BF88
:101BC00040F080407047130C06BF12044FF0100C19
:101BD0004FF0000C130E04BF12020CF1080C130F8F
:101BE00004BF12010CF1040C930F04BF92000CF11E
:101BF000020CD30F04BF52000CF1010C11464FF040
:101C00000002A0F11F00A0EB0C00704711F0004F84
:101C100008BF704731F000413FF4D5AF0B0C06BF51
:101C200009044FF0100C4FF0000C0B0E04BF09021A
:101C30000CF1080C0B0F04BF09010CF1040C8B0F05
:101C400004BF89000CF1020CCB0F04BF49000CF15A
:101C5000010CCCF12003A0EB0C0022FA03F302FAF2
:101C60000CF241EA030100F10100704720F07F4CC3
:101C700080EA030023F07F47ACEB070303F57C53B6
:101C800000F0004003F1FF032DE980494FEA154BB6
:101C900009B44FEA144325EA0B4E24EA03480FF235
:101CA000042606EB132749083E785FEA320203FB5D
:101CB0000667C7F5000707FB06F64FEA54374FEAF9
:101CC000D64606F1020607FB066CCCF1005C4FEA33
:101CD0001C472CEA074C07FB06F40CFB06F504EB4B
:101CE00015464FEA961634BF00204FF000404FEAE9
:101CF000D13706FB07FC4FEA1C4C0CFB0BF7D21B41
:101D000003FB0CF761EB07010CFB0EF7B0EB074090
:101D100072EB17420CFB08F734BFA2EB0742B2EBA1
:101D2000074261EB17414FEA0C444FEA910706FB6B
:101D300007FC4FEA1C4C0CFB0BF7B0EBC74072EBF7
:101D4000573203FB0CF734BFA2EBC742B2EBC742DA
:101D500061EB57310CFB0EF7B0EBC70072EB57721B
:101D60000CFB08F734BFA2EBC702B2EBC70261EB72
:101D70005771039F4FEA816141EA921104EBCC0451
:101D80004FEAD1374FEA826206FB07FC42EA901223
:101D90004FEA80604FEA1C4C0CFB0BF7D21B03FB95
:101DA0000CF761EB07010CFB0EF7B0EB074072EB91
:101DB00017420CFB08F734BFA2EB0742B2EB074215
:101DC00061EB17414FEA8C554FEA910704EB9C24D5
:101DD00006FB07FC4FEA1C4C0CFB0BF7B0EBC740B3
:101DE00072EB573203FB0CF734BFA2EBC742B2EBE6
:101DF000C74261EB57310CFB0EF7B0EBC70072EB3B
:101E000057720CFB08F734BFA2EBC702B2EBC70254
:101E100061EB577115EB4C254FEA816141EA921154
:101E20004FEA82624FEAD13742EA901206FB07FC82
:101E300044F100044FEA80604FEA1C4C0CFB0BF7A6
:101E4000D21B03FB0CF761EB07010CFB0EF7B0EBA9
:101E5000074072EB17420CFB08F734BFA2EB0742B6
:101E6000B2EB074261EB174115EB1C154FEA8131CC
:101E700041EA92414FEA823242EA90424FEA803090
:101E80004FEA0C7644F1000448EA03434EEA0B485B
:101E90004FF0000EB2EB080C71EB030724BF624653
:101EA00039464EEB0E0E4FF0000B001852414941DF
:101EB0004BEB0B0BB2EB080C71EB03077BF1000B48
:101EC00024BF624639464EEB0E0E4FF0000B001851
:101ED000524149414BEB0B0BB2EB080C71EB030782
:101EE0007BF1000B24BF624639464EEB0E0E51EAE1
:101EF000020718BF46F0010616EB0E7655F10002F8
:101F000054F1000103D5BDE88901BDE80088BDE8B2
:101F10008901BDE80048B619524141EB0101A3F126
:101F20000103704780807F7E7D7C7B7A797877762D
:101F300076757473727171706F6E6E6D6C6C6B6AA6
:101F40006A69686867666665646463636261616044
:101F5000605F5F5E5E5D5D5C5C5B5B5A5A595958C1
:101F6000585757565655555554545353525252512B
:101F7000515050504F4F4F4E4E4D4D4D4C4C4C4B81
:101F80004B4B4A4A4A4949494848484747474746C8
:101F90004646454545444444444343434342424204
:101FA00042414141002B9C4630D477002BD01CB5D8
:101FB0004FEA370703B44FF010004FF01001BAF1A9
:101FC000000F06D0BCF1000FDCBF40F0080040F06D
:101FD000080105F0E7FF0FBCBDE810400BF1010B55
:101FE000BBF1010F08BF5FEA170722BF12F1010220
:101FF00011F101014FF0004143F1000300F00040F6
:1020000043EA00007047F9D35708D0E746EA06468E
:1020100013F1400F4FEA16461FDD13F1200FDFBF0B
:1020200016430A46002120335B42BED0C3F120078D
:1020300046EA064602FA07F74FEA164646EA070658
:10204000C3F1200722FA03F201FA07F721FA03F19C
:102050004FF0000342EA0702A7E746EA020646EA13
:1020600006464FEA164646EA0106BCBF46EA064661
:10207000360C4FF000034FF000024FF0000194E7E0
:102080002DE9804C9A46934670B491E8380007C811
:1020900031EA400C48BF34EA430C03D5FFF7E6FDB4
:1020A000FFF780FFF0BCBDE8008C2DE9804C9A461C
:1020B000934670B491E8380007C810F0804F08BF0D
:1020C00013F0804F03D100F005F8FFF76BFFF0BC71
:1020D000BDE8008C20F07F4780EA030023F07F4CAE
:1020E00007EB0C03A3F57C5300F00040A3F1FE03C3
:1020F00092F0000F00F0B38095F0000F00F07780B1
:102100002DE901494FEA11404FEA144621EA0048FF
:1021100000FB06FC24EA064708FB06F607FB08F866
:1021200000FB07F718EB06484CEB164C4FEA124B36
:1021300018EB07484FEA15464CEB174022EA0B4EC6
:102140000BFB06FC25EA06470EFB06F607FB0EFE18
:102150000BFB07F71EEB064E4CEB164C4FF0000640
:102160001EEB074E4CEB174B18EB0B0840F1000031
:1021700018EB0E0B58EB000840F100008F1A4FF0DF
:1021800000013CBFC943661B14BFB5EB040C002122
:102190003CBFC943F61B4FEA17444EEA8E0E27EAAE
:1021A00004454FEA1C4704FB07622CEA074C05FB79
:1021B00007F70CFB05F604FB0CFC16EB074642EB9D
:1021C000174216EB0C4642EB1C421BEB060658EB83
:1021D0000202414146EA9E0601D5BDE80189B619D1
:1021E000524141EB0101A3F10103BDE801894FEA2E
:1021F00014454FEA114724EA054621EA074C05FB3E
:1022000007F406FB07F70CFB06F105FB0CFC11EBD2
:10221000074144EB17444FEA124711EB0C4144EBE2
:102220001C4422EA074C05FB07F206FB07F70CFBF0
:1022300006F605FB0CFC16EB074642EB174216EBC5
:102240000C4642EB1C456A1854F1000148BF704728
:10225000B619524141EB0101A3F10103704795F01A
:10226000000F37D04FEA11424FEA144721EA0246E5
:1022700024EA074C02FB07F106FB07F70CFB06F408
:1022800002FB0CFC14EB074441EB17414FEA1547E6
:1022900014EB0C4441EB1C4125EA074C02FB07F50B
:1022A00006FB07F70CFB06F602FB0CFC16EB0746D9
:1022B00045EB174516EB0C4645EB1C42121951F144
:1022C000000148BF7047B619524141EB0101A3F12B
:1022D000010370474FEA14454FEA114724EA0546C7
:1022E00021EA074C05FB07F106FB07F70CFB06F29A
:1022F0004FF0000605FB0CFC12EB074241EB1741C7
:1023000012EB0C4251EB1C4148BF7047921841EB55
:102310000101A3F1010370471CB52348006840F098
:102320000200214908600846006840F00800086083
:102330000120032100230246CDE900104FF4E041C3
:102340001A4801F0FEFE0120032100230246CDE9D8
:1023500000104FF4E061164801F0F3FE00224FF444
:102360008051124801F0E6FE00224FF400510F4860
:1023700001F0E0FE00224FF480410C4801F0DAFE4B
:1023800000224FF480710A4801F0D4FE00224FF47D
:102390000071074801F0CEFE00224FF4806104482E
:1023A00001F0C8FE1CBD0000E044025800040258C1
:1023B000000C02582DE9F04704460E4617461D460C
:1023C000DDE9088922464FF480511D4801F0B2FE34
:1023D00032464FF400511A4801F0ACFE3A464FF431
:1023E0008041174801F0A6FE2A464FF48071154837
:1023F00001F0A0FE42464FF40071124801F09AFE2F
:102400004A464FF480610F4801F094FE21460EA029
:1024100004F078FC314610A004F074FC394612A098
:1024200004F070FC294614A004F06CFC414616A090
:1024300004F068FC494618A004F064FCBDE8F0878D
:1024400000040258000C0258494F5F5357335F4154
:10245000303A25640D0A0000494F5F5357335F41FE
:10246000313A25640D0A0000494F5F5357335F41ED
:10247000323A25640D0A0000494F5F5357345F41DB
:10248000303A25640D0A0000494F5F5357345F41CD
:10249000313A25640D0A0000494F5F5357345F41BC
:1024A000323A25640D0A000010B500224FF4006195
:1024B000054801F03FFEC02003F0F4FE0122D102E6
:1024C000014801F037FE10BD0010025810B5044657
:1024D00000224FF40061124801F02CFE34B1012CAF
:1024E00009D0022C0CD0032C13D10EE042F22800AC
:1024F00003F0D8FE0DE042F2020003F0D3FE08E044
:102500004FF4005003F0CEFE03E0C02003F0CAFEFB
:1025100000BF00BF0122D102014801F00BFE10BD37
:10252000001002582DE9F04106464FF0000800EE79
:10253000106AB8EE400B9FED191B20EE010BBCEEAC
:10254000C00B10EE107ABCB2C7F38F35B8F1000F94
:1025500008D124F4004444F4804425F4004545F4B3
:10256000804507E024F4804444F4004425F4804589
:1025700045F4004500224FF400610A4801F0DAFDFD
:10258000204603F08FFE284603F08CFE0122D10284
:10259000044801F0CFFDBDE8F08100003A8C30E244
:1025A0008E792540001002581CB51448006840F48C
:1025B00000601249086001200090002302464FF499
:1025C000F06101900E4801F0BCFD002280210C4812
:1025D00001F0B0FD00224FF48071094801F0AAFD1E
:1025E00000224FF40071064801F0A4FD00224FF4D0
:1025F0008061034801F09EFD1CBD0000E0440258CC
:10260000001C02582DE9F0470546894616461C462F
:10261000DDE90878B748006840F00100B549086076
:10262000B4480838006840F02000B2490839086012
:102630000846006840F001000860AE4814300068A9
:1026400040F00200AB4914310860AB48006840F02C
:102650000F00A94908600846C06820F00F00C86054
:10266000A648006840F04070A4490860A14860385E
:10267000006840F020009F49603908600846006803
:1026800020F0200008609B488838006820F4403023
:102690009849883908600846006840F400300860AE
:1026A000974800689749C1F808030846806820F0F9
:1026B000005088600846806840F0805088600A209A
:1026C00004F038FA8F48806840F480708D49886043
:1026D0000846D0F8C00040F00200C1F8C00008462B
:1026E000C06940F00300C8610846C06820F01C00C3
:1026F000C860012C01D0012F34D1B9F5806F04DB03
:1027000081A004F0FFFA4FF000090B2E02DD88A033
:1027100004F0F8FA012C02DD8EA004F0F3FA012F88
:1027200002DD95A004F0EEFA0020764908614FEA38
:10273000094040EA461040EA44003843096908432A
:1027400070490861494695A004F0DCFA314696A02C
:1027500004F0D8FA214697A004F0D4FA394698A09C
:1027600004F0D0FA6748C06840F400506549C8607A
:102770000846C06840F00100C8600846C06840F0E4
:102780000200C860B8F5F04F04D94FF4F0488FA0AC
:1027900004F0B8FA9248C0F80080414691A004F0D5
:1027A000B1FA082D25D2DFE805F004080C10141842
:1027B0001C2092A004F0A6FA20E098A004F0A2FA4F
:1027C0001CE09CA004F09EFA18E0A0A004F09AFA85
:1027D00014E0A4A004F096FA10E0A8A004F092FA85
:1027E0000CE0ACA004F08EFA08E0B1A004F08AFA84
:1027F00004E00025B5A004F085FA00BF00BF414801
:10280000406920F038003F4948610846406940EA85
:10281000C50048610846006B20F4F860086308466C
:10282000006B40F0400008630846806840F080403C
:1028300088600846806840F4803088600846806878
:1028400040F00040886000BF2E48806800F00040E3
:102850000028F9D1A848806A20F00100A6498862C2
:1028600000BFA548806A00F001000028F9D1A24805
:10287000806840F47460A049886009209F4908601E
:10288000204840309C4908639D4848630846C0F88A
:102890002C80002088629B4888620846806A40F04D
:1028A000010088621748006840F00100154908607F
:1028B0000846806840F00100886000BF1148006849
:1028C00000F001000028F9D00E48806840F00400B4
:1028D0000C49886042488C49026847F6FF70FDF752
:1028E000BBFF3F4801688948B0EE040AFDF768FF66
:1028F000BDE8F087E0440258000002580404005884
:1029000008230240002002404F5356522065727245
:102910002C73686F756C6420626520307E313032B4
:10292000332C73657420746F20300D0A0000000092
:102930004F565353206572722C73686F756C642008
:10294000626520307E31312C73657420746F2030C5
:102950000D0A00004A4F565345206572722C736869
:102960006F756C6420626520307E312C7365742035
:10297000746F20300D0A0000524F56534520657287
:10298000722C73686F756C6420626520307E312C08
:1029900073657420746F20300D0A00004F53565237
:1029A0003A25640D0A0000004F5653533A25640D32
:1029B0000A0000004A4F5653453A25640D0A0000AC
:1029C000524F5653453A25640D0A00004144435F77
:1029D0006275666665723C3D33304B420D0A0000FD
:1029E000180000204144435F4255464645525F531C
:1029F000495A453A25640D0A00000000312E352061
:102A000041444320636C6F636B206379636C65732F
:102A10002864656661756C74290D0A00322E3520B4
:102A200041444320636C6F636B206379636C65730F
:102A30000D0A0000382E352041444320636C6F633B
:102A40006B206379636C65730D0A000031362E3597
:102A50002041444320636C6F636B206379636C6532
:102A6000730D0A0033322E352041444320636C6FCE
:102A7000636B206379636C65730D0A0036342E3501
:102A80002041444320636C6F636B206379636C6502
:102A9000730D0A003332372E352041444320636CD6
:102AA0006F636B206379636C65730D0A000000002F
:102AB0003831302E352041444320636C6F636B20E6
:102AC0006379636C65730D0A0000000073696D70B3
:102AD0007220657272212073686F756C6420626564
:102AE00020307E372C73657420746F2030206E6F19
:102AF00077210D0A00000000000002400408024097
:102B00000000003000ACA10000F0003000D0022432
:102B100070B52DED048B88B005460E4600240020CC
:102B20000790069008EE100A9FED510AB0EE409A09
:102B3000012D1FD100BF15E04E4830F81400801B56
:102B400008EE100AB8EEC80ADFED4B0A20EE200AA4
:102B5000B0EE409AB7EEC90A53EC102B47A004F030
:102B6000D1F8641C474800688442E5D346A004F0CD
:102B7000C9F872E0022D70D04448806A20F001004C
:102B80004249886200BF4148806A00F00100002885
:102B9000F9D13C4800683D49C8620846806A40F067
:102BA000010088623A48006840F004003849086033
:102BB0000846806840F00400886000BF3348006821
:102BC00000F400600028F9D04FF400602F498860BD
:102BD000002409E0274830F8140080F4004000B2D7
:102BE0002C4921F81400641C264800688442F1D363
:102BF0002448294902682748FDF776FE21482749DD
:102C0000B0EE040A02682448FDF73CFC07AB05AAB5
:102C10001C4801682148FDF78CFC06AB04AA194842
:102C200001681E48FDF7ECFC03AA164801681B4822
:102C3000FDF74EFD9DED050ADDED040A70EE608A9C
:102C40009DED030AB7EEC00A8DED000BB7EEE80A62
:102C500053EC102B12A004F055F80A48006841000C
:102C6000044803F0DFF808B0BDEC048B70BD000031
:102C700000000000000000300000A03825302E3495
:102C8000662C0000180000200D0A00000000024021
:102C9000002002400000002400B0042400F00024C2
:102CA0005670703A25302E34662C526D733A2530AA
:102CB0002E34660D0A00000010B52DED028B84B095
:102CC00000249FED2F0AB0EE408A9FED2D0AF0EE12
:102CD000408A2C48007800F0010020B1B0EE040AD0
:102CE000F0EE408A03E09FED280AF0EE408A254886
:102CF000007800F0020018B90821802001F091FF4F
:102D00000A2003F017FF00BF0221204801F00AFA51
:102D10000028F9D1032303AA10210090802001F09C
:102D2000E9FD9DF80C0000069DF80D1040EA0140F9
:102D30009DF80E1040EA0124241200EE104AF8EE2D
:102D4000C00A9FED131A80EE810A20EE280AB0EE29
:102D5000408A9DF80E009DF80D109DF80C20B7EEEE
:102D6000C80ACDE90021029053EC102B09A003F012
:102D7000C9FFB0EE480A04B0BDEC028B10BD0000E4
:102D800000000000030000206F12034000180258EA
:102D90006F120346414453313231395F52656164E9
:102DA0003A25302E36666D5620205241573A25304E
:102DB0003258202530325820253032580D0A000074
:102DC0002DE9FC4104460D4616461F46DDF82080DD
:102DD0006548006840F04000634908600120002118
:102DE0000B460246CDE900100146604801F0A9F902
:102DF0000120002103460A46CDE9001002215B486C
:102E000001F09FF901221146584801F093F9002280
:102E10002821802001F0E0FC00F07F005449087078
:102E20000846017853A003F06DFF082C25D2DFE897
:102E300004F004080C1014181C2054A003F062FFC6
:102E400020E05DA003F05EFF1CE063A003F05AFFEA
:102E500018E069A003F056FF14E06FA003F052FFE2
:102E600010E075A003F04EFF0CE07BA003F04AFFDA
:102E700008E081A003F046FF04E0002488A003F0EE
:102E800041FF00BF00BF15B1012D08D103E08EA0A6
:102E900003F038FF08E093A003F034FF04E00025BE
:102EA00095A003F02FFF00BF00BF36B1012E08D060
:102EB000022E0AD0032E10D10BE099A003F022FFBE
:102EC00010E09DA003F01EFF0CE09FA003F01AFF8E
:102ED00008E0A1A003F016FF04E00026A2A003F082
:102EE00011FF00BF00BF17B1012F08D103E0A8A058
:102EF00003F008FF08E0B1A003F004FF04E000279E
:102F0000B7A003F0FFFE00BF00BFB8F1000F03D071
:102F1000B8F1010F08D103E0BBA003F0F3FE09E014
:102F2000C74803F0EFFE05E04FF00008C5A003F02E
:102F3000E9FE00BF00BF600140EA051040EA8600DC
:102F400040EA470040EA0800C849087000230846E4
:102F500002784021802001F02DFE0821802001F020
:102F600060FEBDE8FC810000E044025800180258F1
:102F700002000020414453313231395F49443A3034
:102F80007825302E32580D0A000000004D5558307B
:102F90003A41494E50203D2041494E302C20414974
:102FA0004E4E203D2041494E3120286465666175B2
:102FB0006C74290D0A0000004D5558313A41494EB4
:102FC00050203D2041494E322C2041494E4E203D5B
:102FD0002041494E330D0A004D5558323A41494E71
:102FE00050203D2041494E312C2041494E4E203D3C
:102FF0002041494E320D0A004D5558333A41494E51
:1030000050203D2041494E302C2041494E4E203D1C
:103010002041474E440D0A004D5558343A41494E1F
:1030200050203D2041494E312C2041494E4E203DFB
:103030002041474E440D0A004D5558353A41494EFE
:1030400050203D2041494E322C2041494E4E203DDA
:103050002041474E440D0A004D5558363A41494EDD
:1030600050203D2041494E332C2041494E4E203DB9
:103070002041474E440D0A004D5558373A41494EBC
:103080005020616E642041494E4E2073686F727407
:10309000656420746F20415644442F320D0A0000AD
:1030A0006D757820657272212073686F756C64206D
:1030B000626520307E372C73657420746F20302059
:1030C0006E6F77210D0A00004741494E78313A472B
:1030D00061696E203D2031202864656661756C74DD
:1030E000290D0A004741494E78343A4761696E20FC
:1030F0003D2034200D0A00006761696E2065727200
:10310000212073686F756C6420626520307E312CDD
:1031100073657420746F2030206E6F77210D0A0064
:103120004452303A3230205350532028646566614F
:10313000756C74290D0A00004452313A393020531D
:1031400050530D0A000000004452323A333330200D
:103150005350530D0A0000004452333A313030309E
:10316000205350530D0A00006472206572722120B2
:1031700073686F756C6420626520307E332C7365D4
:103180007420746F2030206E6F77210D0A000000CC
:10319000434D303A53696E676C652D73686F7420C8
:1031A000636F6E76657273696F6E206D6F646520F4
:1031B0002864656661756C74290D0A00434D313AC7
:1031C000436F6E74696E756F757320636F6E76658D
:1031D0007273696F6E206D6F64650D0A00000000E8
:1031E000636D20657272212073686F756C64206254
:1031F0006520307E312C73657420746F2030206E12
:103200006F77210D0A00000056524546303A496E4C
:103210007465726E616C20322E3034382D562072F7
:1032200065666572656E63652073656C656374655C
:1032300064202864656661756C74290D0A000000BD
:10324000CC800008767265662065727221207368F2
:103250006F756C6420626520307E312C736574203C
:10326000746F2030206E6F77210D0A00030000205C
:103270002DE9F04104460D4616461F46102D1FD27B
:10328000DFE805F0081F354B60778DA3B8CFE5FD6B
:10329000FCFBFAF900224FF48041FE4800F04AFF9F
:1032A00000224FF40041FB4800F044FF00220121BE
:1032B000F84800F03FFF00220221F64800F03AFFF4
:1032C0004EE101229103F34800F034FF00224FF455
:1032D0000041F04800F02EFF00220121ED4800F0EF
:1032E00029FF00220221EB4800F024FF38E10022F0
:1032F0004FF48041E74800F01DFF0122D103E5486B
:1033000000F018FF00220121E24800F013FF002224
:103310000221E04800F00EFF22E101229103DD4886
:1033200000F008FF0122D103DA4800F003FF002279
:103330000121D84800F0FEFE00220221D54800F00D
:10334000F9FE0DE100224FF48041D24800F0F2FE78
:1033500000224FF40041CF4800F0ECFE012211465C
:10336000CC4800F0E7FE00220221CA4800F0E2FE4D
:10337000F6E001229103C74800F0DCFE00224FF482
:103380000041C44800F0D6FE01221146C14800F0B9
:10339000D1FE00220221BF4800F0CCFEE0E0002276
:1033A0004FF48041BB4800F0C5FE0122D103B9486B
:1033B00000F0C0FE01221146B64800F0BBFE00221C
:1033C0000221B44800F0B6FECAE001229103B148E0
:1033D00000F0B0FE0122D103AE4800F0ABFE0122A6
:1033E0001146AC4800F0A6FE00220221A94800F0D8
:1033F000A1FEB5E000224FF48041A64800F09AFEFD
:1034000000224FF40041A34800F094FE0022012165
:10341000A04800F08FFE012202219E4800F08AFEA3
:103420009EE0012291039B4800F084FE00224FF4AD
:103430000041984800F07EFE00220121954800F0EE
:1034400079FE01220221934800F074FE88E00022F8
:103450004FF480418F4800F06DFE0122D1038D486A
:1034600000F068FE002201218A4800F063FE01227C
:103470000221884804E05EE047E030E018E002E026
:1034800000F058FE6CE001229103824800F052FEE9
:103490000122D1037F4800F04DFE002201217D482A
:1034A00000F048FE012202217A4800F043FE57E076
:1034B00000224FF48041774800F03CFE00224FF498
:1034C0000041744800F036FE01221146714800F0B8
:1034D00031FE012202216F4800F02CFE40E0012263
:1034E00091036C4800F026FE00224FF40041694829
:1034F00000F020FE01221146664800F01BFE01226A
:103500000221644800F016FE2AE000224FF48041B8
:10351000604800F00FFE0122D1035E4800F00AFE71
:10352000012211465B4800F005FE012202215948A4
:1035300000F000FE14E001229103564800F0FAFD6D
:103540000122D103534800F0F5FD012211465148F4
:1035500000F0F0FD012202214E4800F0EBFD00BF1B
:1035600000BF29464CA003F0CDFB05F001014CA0A3
:1035700003F0C8FBC5F340014DA003F0C3FBC5F346
:1035800080014FA003F0BEFBC5F3C00150A003F0C3
:10359000B9FB082E16D2DFE806F0041628394A5B7C
:1035A0006CA5002280214E4800F0C4FD00224FF49B
:1035B00080714B4800F0BEFD00224FF40071484876
:1035C00000F0B8FD9EE001228021454800F0B2FDE8
:1035D00000224FF48071424800F0ACFD00224FF40D
:1035E00000713F4800F0A6FD8CE0002280213C489D
:1035F00000F0A0FD01221102394800F09BFD0022DD
:103600004FF40071364800F095FD7BE001228021E7
:10361000334800F08FFD01221102314800F08AFD8D
:1036200000224FF400712E4800F084FD6AE0002271
:1036300080212B4800F07EFD00224FF48071284845
:1036400000F078FD01225102254800F073FD59E099
:1036500001228021224800F06DFD00224FF480718C
:103660001F4800F067FD012251021D4800F062FD75
:1036700048E0002280211A4800F05CFD012211027E
:10368000174800F057FD01225102154800F052FD85
:1036900038E00000000C025861783A25640D0A00F9
:1036A000494F5F5357415F4158313A25640D0A0035
:1036B000494F5F5357415F4158323A25640D0A0024
:1036C000494F5F5357415F4158333A25640D0A0013
:1036D000494F5F5357415F4158343A25640D0A0002
:1036E0000010025801228021624800F023FD0122CF
:1036F0001102604800F01EFD012251025D4800F0F9
:1037000019FD00BF00BF31465BA003F0FBFA06F0D5
:1037100001015BA003F0F6FAC6F340015CA003F0E0
:10372000F1FAC6F380015EA003F0ECFA34B1012C8B
:103730001BD0022C2FD0032C5AD143E00122802130
:103740005B4800F0F7FC00224FF48071594800F00C
:10375000F1FC00224021584800F0ECFC00224FF41C
:103760008051554800F0E6FC42E00022802150489C
:1037700000F0E0FC012211024E4800F0DBFC0022C8
:1037800040214D4800F0D6FC00224FF480514A48B9
:1037900000F0D0FC2CE000228021454800F0CAFC5B
:1037A00000224FF48071434800F0C4FC0122402104
:1037B000414800F0BFFC00224FF480513E4800F029
:1037C000B9FC15E000228021394800F0B3FC00224A
:1037D0004FF48071374800F0ADFC0022402136489C
:1037E00000F0A8FC01221103334800F0A3FC00BF45
:1037F00000BF611C31A003F085FA0120A040C4B2D3
:1038000004F001012FA003F07DFAC4F3400131A0C0
:1038100003F078FAC4F3800132A003F073FAC4F322
:10382000C00134A003F06EFA012003F083F92FB138
:10383000012291020F4800F07DFC05E000224FF4C8
:1038400080610C4800F076FC39462EA003F05AFA4D
:1038500001222021164800F06DFC2EA003F052FA40
:1038600000222021124800F065FC2EA003F04AFA45
:10387000BDE8F0810010025861793A25640D0A0014
:10388000494F5F5357415F4159313A25640D0A0052
:10389000494F5F5357415F4159323A25640D0A0041
:1038A000494F5F5357415F4159333A25640D0A0030
:1038B000000C0258000802580018025863733A2599
:1038C000640D0A00494F5F5357415F4353313A2516
:1038D000640D0A00494F5F5357415F4353323A2505
:1038E000640D0A00494F5F5357415F4353333A25F4
:1038F000640D0A00494F5F5357415F4353343A25E3
:10390000640D0A00494F5F5357415F4441543A25C3
:10391000640D0A00494F5F5357415F5354423A3197
:103920000D0A0000494F5F5357415F5354423A30EC
:103930000D0A000010B5012240213A4800F0FAFBC0
:1039400039A003F0DFF9002280213B4800F0F2FBB0
:1039500000224FF48071394800F0ECFB0022402136
:10396000374800F0E7FB00224FF48051344800F064
:10397000E1FB34A003F0C6F936A003F0C3F939A087
:1039800003F0C0F93BA003F0BDF900224FF48041E1
:10399000294800F0CFFB00224FF40041264800F0F8
:1039A000C9FB00220121244800F0C4FB00220221AF
:1039B000214800F0BFFB33A003F0A4F935A003F0C9
:1039C000A1F938A003F09EF93AA003F09BF9002278
:1039D0008021144800F0AEFB00224FF480711148A2
:1039E00000F0A8FB00224FF400710E4800F0A2FB8B
:1039F00034A003F087F937A003F084F939A003F06D
:103A000081F9002220210C4800F094FB39A003F03A
:103A100079F900224021034800F08CFB39A003F023
:103A200071F910BD00100258494F5F5357415F5262
:103A300053543A310D0A0000000C02580008025895
:103A400000180258494F5F5357415F4353313A3092
:103A50000D0A0000494F5F5357415F4353323A30DC
:103A60000D0A0000494F5F5357415F4353333A30CB
:103A70000D0A0000494F5F5357415F4353343A30BA
:103A80000D0A0000494F5F5357415F4158313A30AA
:103A90000D0A0000494F5F5357415F4158323A3099
:103AA0000D0A0000494F5F5357415F4158333A3088
:103AB0000D0A0000494F5F5357415F4158343A3077
:103AC0000D0A0000494F5F5357415F4159313A3069
:103AD0000D0A0000494F5F5357415F4159323A3058
:103AE0000D0A0000494F5F5357415F4159333A3047
:103AF0000D0A0000494F5F5357415F5354423A301B
:103B00000D0A0000494F5F5357415F5253543A30FA
:103B10000D0A00001CB51F48006840F004001D4954
:103B200008600846006840F0080008600846006821
:103B300040F0100008600846006840F0400008604F
:103B4000012000900023024601020190124800F07B
:103B5000F8FA01200090002302464CF2A3010190E4
:103B60000E4800F0EEFA01200090002302464FF4C8
:103B7000F86101900A4800F0E4FA01200090002367
:103B800002464FF482510190064800F0DAFAFFF73E
:103B9000D1FE1CBDE044025800080258000C025837
:103BA000001002580018025810B502F0FDF802F09B
:103BB000ADF80348006840F004000149086010BDFA
:103BC0009CEF00E02DE9F0472DED028B07460C46F7
:103BD00090461D460A9E9FED510AB0EE408A9FED29
:103BE0004F0AF0EE408A4FF000094D4880F80080FF
:103BF000002301221146104601F050FE642002F01D
:103C000099FF40F6E340854200DD054640F6E3407B
:103C1000864200DD064627B1012F17D0022F2BD197
:103C200029E02B4600220121084601F017F933460E
:103C300000220121022001F011F9022000F004F914
:103C400040F6C411012000F081F915E02B46002256
:103C50000121084601F002F9334600220121022029
:103C600001F0FCF8012000F0EFF840F6C41101204B
:103C700000F06CF900E000BF00BF4FF000090AE05F
:103C8000012001F00DFF30EE080AB0EE408A09F184
:103C9000010000F0FF09A145F2DB00EE104AB8EE8A
:103CA000400AC8EE000AB0EE608A00231A461946A0
:103CB000184601F0F3FD01201949087027B1012FC2
:103CC00010D0022F1DD11BE0701B00EE100AF8EE81
:103CD000C00A80EE880ADFED130A80EE801AF0EE4B
:103CE000418A0EE0701B00EE100AF8EEC00A80EE6A
:103CF000880AF7EE000A80EE801AF0EE418A00E0B2
:103D000000BF00BFB7EEE80A53EC102B06A002F08C
:103D1000F9FFBDEC028BBDE8F08700000000000059
:103D200020000020CDCCCC3D6361705F75463A2504
:103D3000302E366675460D0A000000001CB52F486F
:103D4000006840F000502D4908602C480838006891
:103D500040F00100294908390860012000210B4684
:103D60000322CDE900103021254800F0EAF90020B7
:103D700024490860081D006820F00700091D08603C
:103D80000846006808600846006820F4E0200860E3
:103D900008460068086000201A493839086008465B
:103DA0000068086008460068086008460068086007
:103DB0000846006808600846006808600846006811
:103DC0000860084600680860084600680860084601
:103DD000006808600846006808600846006840F00F
:103DE000010008600846006840F480300860002048
:103DF00004491839086008601CBD0000E8440258F6
:103E000000000258387400401CB50D48006840F4AA
:103E100000700B49086001200090002302460C212D
:103E20000190084800F08DF901220421054800F0B6
:103E300081F901220821034800F07CF91CBD000033
:103E4000E04402580024025810B5044634B1012C55
:103E500012D0022C1ED0032C38D129E000220421DC
:103E6000204800F067F9002208211E4800F062F99E
:103E70001DA002F047FF29E001220421194800F0AB
:103E800059F900220821174800F054F91AA002F04D
:103E900039FF1BE000220421124800F04BF90122F7
:103EA0000821104800F046F917A002F02BFF0DE0A2
:103EB000012204210B4800F03DF9012208210948A4
:103EC00000F038F915A002F01DFF00BF00BF04F09C
:103ED000010116A002F016FFC4F3400117A002F082
:103EE00011FF10BD002402583735304BA6B820739F
:103EF000656C6563740D0A0032344BA6B820736597
:103F00006C6563740D0A0000322E34394BA6B8205C
:103F100073656C6563740D0A00000000323433A6CB
:103F2000B82073656C6563740D0A0000494F5F53D8
:103F300057355F413A25640D0A000000494F5F5331
:103F400057355F423A25640D0A00000070B50546FA
:103F50000C46002600EE104AF8EE400A9FED131AB8
:103F600081EE200ADFED120A80EE801ABCEEC10A53
:103F700010EE106A55B10F4800686FF30F000D493D
:103F80000860084600683043086009E00948006896
:103F900080B2084908600846006840EA06400860A8
:103FA0002246294604A002F0ADFE70BD00401C452B
:103FB00000F07F45207400404C5F523A2564207623
:103FC0006F6C3A25640D0A001CB50E48006840F07D
:103FD00008000C4908600120032100230246CDE9B6
:103FE00000100903084800F0ACF800224FF480519B
:103FF000054800F09FF800224FF40051024800F0FD
:1040000099F81CBDE0440258000C025870B50446F3
:104010000D46012C00DD0124012D00DD0125224685
:104020004FF48051084800F085F82A464FF40051BB
:10403000054800F07FF8214604A002F063FE2946FF
:1040400007A002F05FFE70BD000C02584469734384
:1040500068617267654A315F656E3A25640D0A00D2
:104060004469734368617267654A325F656E3A25D9
:10407000640D0A001FB500F043FE052202A90020CE
:1040800002F008FC9DF80C009DF80B10CDE9001023
:104090009DF80A309DF809209DF8081005A002F04F
:1040A00031FE9DF8080020B105220D49002002F0E4
:1040B000FEFB1FBD307825302E3258203078253059
:1040C0002E325820307825302E3258203078253046
:1040D0002E325820307825302E32580D0A0000003C
:1040E0000400002030B5CC1000F1200353F8243038
:1040F0004C07E50E0F24AC40A343CD1000F1200483
:1041000044F82530CC1000F1200353F824304C073C
:10411000E40E02FA04F42343CD1000F1200444F825
:10412000253030BD02461069084008B101207047B3
:104130000020FCE702F001030BB1018300E04183A2
:1041400070472DE9F0470C46DDE90867002100259E
:104150008C4600BF60E04FF0010808FA01F504EA60
:10416000050CAC4557D1D0F800804FEA410A4FF01A
:10417000030909FA0AF928EA0908C0F80080D0F80A
:1041800000804FEA410902FA09F948EA0908C0F833
:104190000080012A01D0022A27D1D0F808804FEAF6
:1041A000410A4FF0030909FA0AF928EA0908C0F898
:1041B0000880D0F808804FEA410906FA09F948EA70
:1041C0000908C0F80880D0F804904FF0010808FAF8
:1041D00001F829EA0809C0F80490D0F8048003FA2D
:1041E00001F948EA0908C0F80480D0F80C804FEAC9
:1041F000410A4FF0030909FA0AF928EA0908C0F848
:104200000C80D0F80C804FEA410907FA09F948EA16
:104210000908C0F80C80491C10299CD3BDE8F08720
:1042200001461448006B20F4F860124B18631846DE
:10423000006B40EA811018631846006B20F00F00F5
:1042400018631846006840F004001860184680683B
:1042500040F004009860084A00E0521E05480068DB
:1042600000F0040008B9002AF7D10248006C80B2BF
:104270007047000000200240FFFF0F002DE9F041D1
:1042800007460C460025002608E03846FFF7C8FF21
:104290000544052002F04EFC701CC6B2A642F4DBB9
:1042A000B5FBF4F0BDE8F08110B5002240210E48C6
:1042B000FFF740FF002280210B48FFF73BFF04205F
:1042C00002F052FC012240210748FFF733FF04208F
:1042D00002F04AFC002240210348FFF72BFF042094
:1042E00002F042FC10BD0000000402581CB50D484D
:1042F000006840F002000B49086001200321002300
:104300000246CDE90010C0210748FFF71AFF01223D
:1043100040210548FFF70EFF012280210248FFF7E8
:1043200009FF1CBDE04402580004025810B50220E9
:1043300002F01AFC012280211148FFF7FBFE022047
:1043400002F012FC012240210D48FFF7F3FE042089
:1043500002F00AFC002240210948FFF7EBFE022090
:1043600002F002FC002280210548FFF7E3FE022054
:1043700002F0FAFB012240210148FFF7DBFE10BDED
:104380000004025870B5054600242448006820F453
:1043900040402249086008460068086000261DE089
:1043A000002240211D48FFF7C5FE042002F0DCFB7F
:1043B000012240211948FFF7BDFE022002F0D4FB84
:1043C0006006040E80211548FFF7ACFE08B1601CA2
:1043D000C4B2022002F0C8FB701CC6B2082EDFDB9C
:1043E000002240210D48FFF7A5FE0C48006820F48C
:1043F00040400A4908600846006840F48040086070
:10440000002280210548FFF795FE15B9FFF78EFFC2
:1044100001E0FFF749FF204670BD0000000402588C
:104420002DE9F04780460C4615461E46DDF82090E3
:10443000012002F065FB00F07DF8404600F04AF8EC
:1044400000F0B8F810B10120BDE8F087B9F1000F15
:104450000CD02746E11704EB1161C1F3072000F0EF
:1044600039F800F0A7F808B10120EDE72746E11779
:1044700004EB11610912A4EB0121C8B200F02AF883
:1044800000F098F808B10120DEE700F053F808F1D9
:104490000101C8B200F01EF800F08CF808B101204C
:1044A000D2E70DE0012E04D10020FFF76BFF28704A
:1044B00003E00120FFF766FF2870701E86B26D1CB6
:1044C000002EEFD100F052F8002002F019FB00207E
:1044D000BAE7000070B50446002240211448FFF7F7
:1044E00029FE00251BE0022002F03EFBE2098021AC
:1044F0000F48FFF71FFE6006040E022002F034FB97
:10450000012240210A48FFF715FE042002F02CFB8F
:10451000002240210648FFF70DFE681CC5B2082D99
:10452000E1DB012280210248FFF704FE70BD00009C
:104530000004025810B5012240210B48FFF7FAFD94
:10454000022002F011FB012280210748FFF7F2FD53
:10455000022002F009FB002280210348FFF7EAFD58
:10456000022002F001FB10BD0004025810B5042027
:1045700002F0FAFA002240210D48FFF7DBFD02208D
:1045800002F0F2FA002280210948FFF7D3FD022051
:1045900002F0EAFA012240210548FFF7CBFD022094
:1045A00002F0E2FA012280210148FFF7C3FD10BDAD
:1045B0000004025810B50024022002F0D5FA254864
:1045C000006820F4404023490860084600680860FD
:1045D000022002F0C9FA012240211E48FFF7AAFD7D
:1045E000022002F0C1FA15E0601C84B2FA2C11DD41
:1045F0001848006820F440401649086008460068E2
:1046000040F480400860FFF7B1FF052002F092FA05
:10461000012010BD80210F48FFF784FD0028E3D161
:10462000022002F0A1FA002240210A48FFF782FD91
:10463000002280210748FFF77DFD0648006820F42E
:104640004040044908600846006840F48040086023
:104650000020DEE7000402582DE9F04780460C46B2
:1046600015461E46DDF82090012002F049FAFFF7BA
:1046700061FF4046FFF72EFFFFF79CFF10B10120BE
:10468000BDE8F087B9F1000F0CD02746E11704EB25
:104690001161C1F30720FFF71DFFFFF78BFF08B182
:1046A0000120EDE72746E11704EB11610912A4EBA5
:1046B0000121C8B2FFF70EFFFFF77CFF08B1012010
:1046C000DEE70AE02878FFF705FFFFF773FF08B180
:1046D0000120D5E7701E86B26D1C002EF2D1FFF7C7
:1046E00045FF052002F026FA002002F009FA00201A
:1046F000C6E7000010B500224FF480410E48FFF7D6
:1047000019FD00224FF400410B48FFF713FD042070
:1047100002F02AFA012291030748FFF70BFD04205B
:1047200002F022FA00224FF480410348FFF702FD15
:10473000042002F019FA10BD001402581CB50D48EF
:10474000006840F020000B4908600120032100238D
:104750000246CDE9001089030748FFF7F2FC012269
:1047600091030548FFF7E6FC0122D1030248FFF759
:10477000E1FC1CBDE04402580014025810B50220B0
:1047800002F0F2F90122D1031248FFF7D3FC022014
:1047900002F0EAF9012291030E48FFF7CBFC042056
:1047A00002F0E2F900224FF480410A48FFF7C2FC10
:1047B000022002F0D9F900224FF400410548FFF72A
:1047C000B9FC022002F0D0F9012291030148FFF761
:1047D000B1FC10BD001402582DE9F04106460C460C
:1047E00017464FF00008012002F08AF900F048F95E
:1047F000304600F013F900F087F94FB12546E11774
:1048000004EB1161C1F3072000F008F900F07CF916
:104810002546E11704EB11610912A4EB0121C8B28E
:1048200000F0FCF800F070F900F02AF9711CC8B231
:1048300000F0F4F800F068F9002000F009F8804674
:1048400000F03CF9002002F05BF94046BDE8F08141
:1048500070B5054600242648006820F040402449F1
:10486000086008460068086000261FE000224FF438
:1048700080411F48FFF75EFC042002F075F9012219
:1048800091031B48FFF756FC022002F06DF9600609
:10489000040E4FF400411648FFF744FC08B1601CB9
:1048A000C4B2022002F060F9701CC6B2082EDDDB33
:1048B00000224FF480410E48FFF73CFC0C48006892
:1048C00020F040400A4908600846006840F08040F7
:1048D000086000224FF400410548FFF72BFC15B992
:1048E000FFF74CFF01E0FFF705FF204670BD000019
:1048F000001402582DE9F04780460C4615461E4626
:10490000DDF82090012002F0FBF800F0B9F84046F5
:1049100000F084F800F0F8F810B10120BDE8F0874D
:10492000B9F1000F0CD02746E11704EB1161C1F378
:10493000072000F073F800F0E7F808B10120EDE778
:104940002746E11704EB11610912A4EB0121C8B25B
:1049500000F064F800F0D8F808B10120DEE700F0BC
:104960008FF808F10101C8B200F058F800F0CCF857
:1049700008B10120D2E70DE0012E04D10020FFF79D
:1049800067FF287003E00120FFF762FF2870701EA8
:1049900086B26D1C002EEFD100F090F8002002F0DE
:1049A000AFF80020BAE770B506460C461546012060
:1049B00002F0A6F800F064F8304600F02FF800F09E
:1049C000A3F820B1002002F09BF8012070BD00F098
:1049D00057F8711CC8B200F021F800F095F820B12A
:1049E000002002F08DF80120F0E70DE0012D04D148
:1049F0000020FFF72DFF207003E00120FFF728FFC4
:104A00002070681E85B2641C002DEFD100F056F8AE
:104A1000002002F075F80020D8E7000070B50446C9
:104A200000224FF480411548FFF784FB00251DE06C
:104A3000022002F099F8E2094FF400410F48FFF715
:104A400079FB6006040E022002F08EF80122910329
:104A50000A48FFF76FFB042002F086F800224FF4AB
:104A600080410648FFF766FB681CC5B2082DDFDBF6
:104A70000122D1030148FFF75DFB70BD001402580D
:104A800010B5012291030C48FFF754FB022002F0FD
:104A90006BF80122D1030848FFF74CFB022002F01B
:104AA00063F800224FF400410348FFF743FB022064
:104AB00002F05AF810BD00000014025810B504208E
:104AC00002F052F800224FF480410E48FFF732FB0B
:104AD000022002F049F800224FF400410948FFF794
:104AE00029FB022002F040F8012291030548FFF75C
:104AF00021FB022002F038F80122D1030148FFF720
:104B000019FB10BD0014025810B50024022002F059
:104B10002BF82748006820F04040254908600846E7
:104B200000680860022002F01FF80122910320486B
:104B3000FFF700FB022002F017F815E0601C84B2BA
:104B4000FA2C11DD1A48006820F04040184908602E
:104B50000846006840F080400860FFF7AFFF05207E
:104B600001F0E8FF012010BD4FF400411048FFF7AD
:104B7000D9FA0028E2D1022001F0F6FF00224FF41A
:104B800080410B48FFF7D6FA00224FF40041084855
:104B9000FFF7D0FA0648006820F04040044908605A
:104BA0000846006840F0804008600020DBE7000015
:104BB000001402582DE9F04180460C4616461F4667
:104BC000012001F09DFFFFF75BFF4046FFF726FF46
:104BD000FFF79AFF4FB12546E11704EB1161C1F3CE
:104BE0000720FFF71BFFFFF78FFF2546E11704EBB8
:104BF00011610912A4EB0121C8B2FFF70FFFFFF703
:104C000083FF3046FFF70AFFFFF77EFFFFF756FFEF
:104C1000052001F08FFF002001F072FF0020BDE8A9
:104C2000F08170B505460C46012001F069FFFFF7E1
:104C300027FF2846FFF7F2FEFFF766FF2046FFF743
:104C4000EDFEFFF761FF20B1002001F059FF0120C8
:104C500070BDFFF733FF052001F06CFF002001F06D
:104C60004FFF0020F4E770B506460C4615460120BC
:104C700001F046FFFFF704FF3046FFF7CFFEFFF7D6
:104C800043FF0DE02078FFF7C9FEFFF73DFF20B19D
:104C9000002001F035FF012070BD681E85B2641C44
:104CA000002DEFD1FFF70AFF052001F043FF0020A0
:104CB00001F026FF0020EFE71CB50F48006840F028
:104CC00040000D49086001200090002302461C218D
:104CD00001900A48FFF735FA012204210748FFF73F
:104CE00029FA012210210548FFF724FA01220821A0
:104CF0000248FFF71FFA1CBDE04402580018025892
:104D000000B585B0062203A9FA2001F0C3FD9DF885
:104D100011009DF810109DF80F20CDE900210290A0
:104D20009DF80E309DF80D209DF80C1002A001F0AA
:104D3000E9FF05B000BD0000454550524F4D5F49A9
:104D4000443A25302E32583A25302E32583A253002
:104D50002E32583A25302E32583A25302E32583AD3
:104D600025302E32580D0A002DE9FC4707468846AB
:104D700015461C464FF0320A4FF00009012F02D0B1
:104D8000022F04D101E0C02602E0C22600E000BFED
:104D900000BFB8F1000F2ED0B8F1010F5BD105F0C4
:104DA0000200C4F3032141EA00108DF80000E0B2D4
:104DB0008DF8010016E0022269463046FFF753FFE6
:104DC0000A2001F0B7FE05220DF102013046FFF77F
:104DD000EAFD9DF804009DF8031040EA0129A14571
:104DE00000D106E0BAF10000AAF1010101F0FF0ACA
:104DF000E1D100BF2FE005F00200602141EA400050
:104E00008DF80000C4F307108DF801002007000E94
:104E10008DF8020016E0032269463046FFF723FFB3
:104E20000A2001F087FE05220DF102013046FFF74E
:104E3000BAFD9DF806009DF8051040EA0129A1453C
:104E400000D106E0BAF10000AAF1010101F0FF0A69
:104E5000E1D100BF00BF00BFBDE8FC872DE9F041F4
:104E600005460E4617461C464FF0000840F6E44043
:104E7000844202DB4FF6FF7811E000EE104AF8EEB4
:104E8000400A9FED0B1A80EE810ADFED0A0A80EEE0
:104E9000201ABCEEC10A10EE100A1FFA80F8434631
:104EA0003A4631462846FFF75FFFBDE8F081000033
:104EB00000007A443333533A30B52DED048B83B080
:104EC0000446002008EE100A9FED520AF0EE408AD8
:104ED0009FED500AB0EE409A012C02D0022C04D172
:104EE00001E0C02502E0C22500E000BF00BF0522AE
:104EF00001A92846FFF757FD9DF808009DF8071007
:104F000040EA0120C0F30B0008EE100AB8EE480A90
:104F1000DFED410A20EE200AF0EE408AB7EEE80A03
:104F200053EC102B21463DA0FBF7BEFD9DF806007B
:104F30009DF8051040EA0120001108EE100AB8EEB5
:104F4000480ADFED350A20EE200AB0EE409AB7EEAF
:104F5000C90A53EC102B214638A0FBF7A5FD9DF89C
:104F6000040000F0060030B1022809D004280CD05B
:104F7000062814D10EE0214638A0FBF795FD0EE07F
:104F800021463EA0FBF790FD09E0214642A0FBF739
:104F90008BFD04E0214648A0FBF786FD00BF00BF63
:104FA0009DF8040000F0C00030B1402809D08028EE
:104FB0000CD0C02814D10EE0214647A0FBF774FDA9
:104FC0000EE021464FA0FBF76FFD09E0214658A0F7
:104FD000FBF76AFD04E0214660A0FBF765FD00BF1A
:104FE00000BFF5EEC08AF1EE10FA04D1B5EEC09A1A
:104FF000F1EE10FA09D0214663A0FBF755FD00231E
:10500000032219462046FFF729FF03B0BDEC048BAD
:1050100030BD0000000000003333533A636825645C
:105020005F656570726F6D5F766F6C746167653A0E
:1050300025302E346620560D0A0000006368256472
:105040005F4441435F6F75745F766F6C7461676531
:105050003A25302E346620560D0A00006368256418
:105060005F6E6F726D616C206D6F646520444143AB
:10507000206F7574206E6F770D0A000063682564D9
:105080005F314BA6B8206F6E20474E442C444143FD
:10509000204F46460D0A0000636825645F313030BA
:1050A0004BA6B8206F6E20474E442C444143204FFE
:1050B00046460D0A00000000636825645F35303005
:1050C0004BA6B8206F6E20474E442C444143204FDE
:1050D00046460D0A00000000636825645F65657040
:1050E000726F6D206275737920616E6420737570C4
:1050F000706F7420766C6F74616765206C6F770DCC
:105100000A000000636825645F656570726F6D203A
:105110006275737920616E6420737570706F74208E
:10512000766C6F74616765206F6B0D0A000000007C
:10513000636825645F656570726F6D207265616478
:105140007920616E6420737570706F7420766C6F57
:1051500074616765206C6F770D0A000063682564D1
:105160005F656570726F6D20726561647920616E34
:105170006420737570706F7420766C6F74616765EE
:10518000206F6B0D0A000000636825645F7365740F
:105190002064656661756C7420306D760D0A0000C0
:1051A0000146002002E04908421CD0B20129FAD190
:1051B000704700000748006820F480300549086007
:1051C00004487030006820F0010002497031086026
:1051D0007047000024ED00E0052005490860044800
:1051E0007038006840F480300149703908607047B9
:1051F00094ED00E00FB5002000900190029003466E
:1052000002464FF48031039000F05EF80020032343
:10521000CDE90030029003460122510403900803B7
:1052200000F052F8012000220323CDE90120009371
:10523000039013460222C1044FF0105000F044F8CE
:10524000012000220323CDE901200093039013469F
:1052500003224FF49021100700F036F801200022BD
:105260000323CDE901200093039013460422010497
:105270004FF0605000F028F800200323CDE9003003
:105280000290034605224FF0806103904FF0C0402A
:1052900000F01AF8012000220323CDE90120009339
:1052A0000390134606228106500700F00DF80020F7
:1052B0000323CDE900300290012307221907039050
:1052C000C80000F001F80FBD2DE9F04F05460C466F
:1052D00016461F46DDE90A9ADDF8248000239B4626
:1052E00004F01F0000B914B90120BDE8F08F20467A
:1052F000FFF756FF401E00F0FF0BFFF75BFF0E4865
:105300000660001D056043EA077343EA086300BFB7
:1053100043EA894343EA4A430C9843EA004300BF07
:1053200043EA4B0343F00103034808300360FFF7EF
:1053300053FF0020D9E7000098ED00E02DE9F0418F
:105340000746884614461D46284600F033F8C5F146
:10535000040007FA00F60F20284100EA080006437F
:1053600006F00F06E21704EBD2625211920002F12E
:10537000E022D2F800212146E31704EBD3635B114E
:10538000A4EB431C012303FA0CF31A432046E31752
:1053900004EBD3635B119B0003F1E023C3F800210E
:1053A0000348005D40EA061001490855BDE8F08158
:1053B00000E400E00146072323EA01021202054B44
:1053C00018684FF6FF031840034B18431043014B76
:1053D000186070470CED00E00000FA054A0A52021E
:1053E0000243014B1A60704708ED00E010B500223F
:1053F00004210A48FEF79EFE09A001F083FC4FF449
:105400007A7001F097FB0CA001F07CFC4FF47A70ED
:1054100001F090FB01F0ECF810BD000000180258FC
:105420004D656D20416363657373204572726F72C1
:1054300021210D0A00000000536F6674205265732D
:105440006574696E672E2E2E0D0A00001CB5254866
:10545000006840F00200234908600846006840F0F8
:10546000100008600846006840F4007008600120E1
:10547000009000230246042101901B48FEF761FEC4
:105480000220012100230A46CDE900104FF46051AB
:105490001648FEF756FE0220012100230A46CDE9F8
:1054A000001003211248FEF74CFE00224FF48051F9
:1054B0000E48FEF73FFE00224FF400610B48FEF756
:1054C00039FE00224FF400510848FEF733FE002257
:1054D00001210748FEF72EFE002202210448FEF7B4
:1054E00029FE1CBDE0440258000402580014025872
:1054F0000024025870B506460C46154635B1012DFC
:105500000FD0022D18D0032D2CD120E00022012134
:105510007548FEF70FFE002202217348FEF70AFECF
:1055200020E0012211467048FEF704FE002202210D
:105530006D48FEF7FFFD15E0002201216A48FEF7E5
:10554000F9FD012202216848FEF7F4FD0AE001227C
:1055500011466548FEF7EEFD012202216248FEF782
:10556000E9FD00BF00BF05F0010160A001F0CAFB2A
:10557000C5F3400161A001F0C5FB46B10122042141
:105580006248FEF7D7FD62A001F0BCFB07E00022F5
:1055900004215E48FEF7CEFD64A001F0B3FB082CA9
:1055A00017D2DFE804F00417293B4C5E6F8000221D
:1055B0004FF480516348FEF7BDFD00224FF40061B7
:1055C0006048FEF7B7FD00224FF400515D48FEF73A
:1055D000B1FD78E0012211035A48FEF7ABFD00222D
:1055E0004FF400615748FEF7A5FD00224FF400512B
:1055F0005448FEF79FFD66E000224FF48051514869
:10560000FEF798FD0122D1024E48FEF793FD0022DD
:105610004FF400514B48FEF78DFD54E00122110379
:105620004848FEF787FD0122D1024648FEF782FD79
:1056300000224FF400514348FEF77CFD43E0002276
:105640004FF480513F48FEF775FD00224FF4006192
:105650003C48FEF76FFD012251033A48FEF76AFD10
:1056600031E0012211033748FEF764FD00224FF4B8
:1056700000613448FEF75EFD012251033148FEF718
:1056800059FD20E000224FF480512E48FEF752FDD4
:105690000122D1022B48FEF74DFD0122510329487A
:1056A000FEF748FD0FE0012211032648FEF742FDF8
:1056B0000122D1022348FEF73DFD0122510321487A
:1056C000FEF738FD00BF00BF04F001011EA001F08D
:1056D00019FBC4F3400121A001F014FBC4F38001C5
:1056E00023A001F00FFB70BD00240258494F5F5307
:1056F00057375F41303A25640D0A0000494F5F5328
:1057000057375F41313A25640D0A00000004025802
:10571000494F5F5357365F494E3A312C7672656672
:105720003D312E3235760D0A00000000494F5F539F
:1057300057365F494E3A302C767265663D302E30D2
:10574000760D0A0000140258494F5F5047415F53DD
:1057500045545F41303A25640D0A0000494F5F50BF
:1057600047415F5345545F41313A25640D0A0000BB
:10577000494F5F5047415F5345545F41323A25647A
:105780000D0A00001CB52248006840F001002049C5
:1057900008600846006840F480700860012003211A
:1057A00000230246CDE90010C1031A48FEF7C9FCE8
:1057B0000120032100230246CDE900104FF460616F
:1057C0001548FEF7BEFC0120032103460022CDE967
:1057D00000104FF4E0411048FEF7B3FC01225102E3
:1057E0000D48FEF7A7FC012291020B48FEF7A2FC30
:1057F0000122D1020848FEF79DFC00224FF400412F
:105800000448FEF797FC0A2001F094F91CBD000043
:10581000E0440258000002580020025810B54FF42E
:1058200080510E48FEF77EFC044621460CA001F094
:1058300069FA4FF400510948FEF774FC044621460A
:105840000CA001F05FFA4FF480410448FEF76AFCB7
:10585000044621460CA001F055FA10BD0020025864
:10586000494F5F4348475F4445544543543A256494
:105870000D0A0000494F5F50475F4445544543546B
:105880003A25640D0A000000494F5F5057525F44AB
:1058900045544543543A25640D0A00002DE9F04172
:1058A00004460E4617461D46012C00DD0124012E3C
:1058B00000DD0124012F00DD0124012D00DD012583
:1058C00022464FF400711348FEF734FC32464FF481
:1058D00080611048FEF72EFC3A464FF400610D48F7
:1058E000FEF728FC2A464FF400410B48FEF722FC45
:1058F00021460AA001F006FA31460BA001F002FA97
:1059000039460DA001F0FEF929460FA001F0FAF981
:10591000BDE8F0810020025800000258706F775FE8
:10592000656E3A25640D0A00706F775F656E313AD7
:1059300025640D0A00000000706F775F656E323AD3
:1059400025640D0A00000000707772656E5F6C6957
:105950006E6B3A25640D0A001CB52848006840F0BB
:105960000200264908600846006840F020000860F0
:1059700022480C38006840F4804020490C39086007
:105980000120032100230222CDE9001081021C48DE
:10599000FEF7D7FB0120032100230222CDE90010EE
:1059A0004FF4F8611748FEF7CCFB09220A2114488E
:1059B000FEF798FB092207211248FEF793FB0A2203
:1059C00008211048FEF78EFB0A2209210D48FEF738
:1059D00089FB09220A210B48FEF784FB074864383B
:1059E000006840F480400549643908600846006852
:1059F00020F48040086000201CBD0000E0440258F4
:105A0000000402580014025870B52DED028B0646B2
:105A1000002500249FED120AB0EE408A14210120D7
:105A2000FEF72CFC0546A5F5004400EE104AB8EE42
:105A3000C00ADFED0C0A20EE200AB0EE408AB7EE75
:105A4000C80A53EC102B08A001F05CF92246294645
:105A50000BA001F057F9B0EE480ABDEC028B70BD07
:105A6000000000000000A0384D43555F4144435FF3
:105A7000766F6C3A25302E346620560D0A000000F1
:105A80004D43555F4144435F7261773A25752C2041
:105A9000747275655F646966663A25640D0A000074
:105AA00010B52DED028B04469FED130AB0EE408A2F
:105AB0005CB1124890ED000AB8EE400ADFED100A22
:105AC00080EE201AB0EE418A0AE00E4890ED000AFE
:105AD000B8EE400ADFED0A0A80EE201AB0EE418AE5
:105AE000B7EEC80A53EC102B07A001F00BF9B0EE8B
:105AF000480ABDEC028B10BD000000000C00002025
:105B000000401C4610000020485F505553453A2580
:105B1000302E36666D730D0A00000000F0B52DEDD5
:105B2000028B81B004460D4616469FED6D0AB0EE1D
:105B3000408A9FED6B0AF0EE408A002769480670A4
:105B40000023012211461046FFF7A8FE642000F052
:105B5000F1FF072C58D2DFE804F00412202E3B4955
:105B600056000320FEF770F9012207211046FFF7C7
:105B7000C1FC40F6C4110120FEF7E8F944E0022020
:105B8000FEF762F9012203211046FFF7B3FC40F64D
:105B9000C4110120FEF7DAF936E00120FEF754F9CE
:105BA000012203211046FFF7A5FC40F6C411012095
:105BB000FEF7CCF928E00120FEF746F90122032187
:105BC0001046FFF797FCEB210120FEF7BFF91BE021
:105BD0000020FEF739F9012203211046FFF78AFC65
:105BE0004FF4FA710120FEF7B1F90DE00020FEF745
:105BF0002BF9012203211046FFF77CFCC82101206C
:105C0000FEF7A4F900E000BF00BF0A2000F092FFF9
:105C1000012000231A46194600901846FDF7D0F8D7
:105C2000142000F087FF002707E0FDF745F830EE6D
:105C3000080AB0EE408A781CC7B2AF42F5DB00EE2E
:105C4000105AB8EE400AC8EE000AB0EE608A00238F
:105C50001A4619461846FFF721FE0120214908700F
:105C6000072C30D2DFE804F0040B121920272E0095
:105C7000B2EE040AC8EE000AF0EE608A23E0B7EE46
:105C8000000AC8EE000AF0EE608A1CE09FED160ADA
:105C9000C8EE000AF0EE608A15E09FED140AC8EE27
:105CA000000AF0EE608A0EE09FED110AC8EE000ACD
:105CB000F0EE608A07E09FED0F0AC8EE000AF0EEF2
:105CC000608A00E000BF00BFB7EEE80A53EC102B7B
:105CD00009A001F017F801B0BDEC028BF0BD000087
:105CE0000000000020000020CDCCCC3D0AD7233C92
:105CF0006F12833A17B7D1397265735F6F686D3A67
:105D000025302E3666A6B80D0A00000010B5002317
:105D1000234C236000BF00BF00BFBFF34F8F00BF05
:105D200000BF00BF231F1868C0F34E3100BFC0F38F
:105D3000C90200BF43F6E07303EA41134FF0404449
:105D400004EA82742343174C236000BF00BF131E74
:105D5000A2F10102EED10B1EA1F10101E7D100BFBA
:105D600000BF00BFBFF34F8F00BF00BF00BF0C4B91
:105D7000703B1B6843F48033094C703C236000BFC8
:105D800000BF00BFBFF34F8F00BF00BF00BF00BF09
:105D900000BF00BFBFF36F8F00BF00BF00BF10BDCB
:105DA00084ED00E060EF00E000BF00BF00BFBFF384
:105DB0004F8F00BF00BF00BF00BF00BF00BFBFF3D9
:105DC0006F8F00BF00BF00BF00201449086000BFF4
:105DD00000BF00BFBFF34F8F00BF00BF00BF00BFB9
:105DE00000BF00BFBFF36F8F00BF00BF00BF0C48F4
:105DF000006840F400300A49086000BF00BF00BFDF
:105E0000BFF34F8F00BF00BF00BF00BF00BF00BF88
:105E1000BFF36F8F00BF00BF00BF704750EF00E0BF
:105E200014ED00E030B50A460446202300BF00BF51
:105E300000BFBFF34F8F00BF00BF00BF03E00B4D9B
:105E40002C601C44D21A002AF9DC00BF00BF00BF3E
:105E5000BFF34F8F00BF00BF00BF00BF00BF00BF38
:105E6000BFF36F8F00BF00BF00BF30BD5CEF00E02D
:105E70001CB500244148006840F002003F4908601A
:105E80000846006840F0400008603C481030006858
:105E900040F480503949103108600120022100236C
:105EA0000246CDE9001081023548FEF74AF901208B
:105EB000022100230A46CDE900104FF4206130484A
:105EC000FEF73FF90120022100230A46CDE9001028
:105ED00020212C48FEF735F9052211462948FEF706
:105EE00001F9052209212648FEF7FCF805220B21BD
:105EF0002348FEF7F7F821489038006820F4E04086
:105F00001E49903908600846006808601B484838F8
:105F1000006840F480501949483908600846006814
:105F200020F4805008601848006840F480501649FA
:105F300008604FF0E04088600846806840F0070045
:105F40008860CC0400BF44F0806444F0007444F0E6
:105F5000807400BF44F4800400BF00BF0846C460E2
:105F6000006D20F0010008650846006840F001005F
:105F70000860FF2000F00AF81CBD0000E044025851
:105F80000018025800040258003001400146002069
:105F9000154A126842F00102134B1A601A46126841
:105FA00042F400721A6000BF0F4A526902F0020206
:105FB000002AF9D00C4A2032117000BF0A4A5269F7
:105FC00002F00102002AF9D0074A30321078064A5E
:105FD000926942F01802044B9A611A46126822F044
:105FE00001021A60704700000030014000F0070015
:105FF0000A49096821F00101084A116011468968BF
:1060000021F0E04191601146896841EA0071916098
:106010001146096841F001011160704700300140EC
:106020001CB500243C48006840F480703A49086080
:1060300039480830006840F480403749083108602A
:106040000120022100230246CDE900100146334819
:10605000FEF777F80120022100230A46CDE900105F
:106060000E212E48FEF76DF8052201212B48FEF780
:1060700039F8052202212948FEF734F805220321C8
:106080002648FEF72FF824489038006820F4E040B6
:106090002149903908600846006808601E48503859
:1060A000006840F480401C49503908600846006888
:1060B00020F4804008601A48006840F48050184975
:1060C000086048041649083108600846006840F036
:1060D000070008600C0700BF44F0806444F00074BF
:1060E00044F0807400BF44F4800400BF00BF081D6A
:1060F00004600B485030006820F00100084950311E
:1061000008600748006840F0010005490860FF206A
:1061100000F008F81CBD0000E044025800200258BE
:106120000038004001460020174A126842F0010280
:10613000154B1A601A46126842F400721A6000BFCA
:10614000114A1432126802F00202002AF8D00E4AF4
:106150002032117000BF0C4A1432126802F00102A2
:10616000002AF8D0084A30321078074A18321268EC
:1061700042F01802044B18331A60034A126822F0E6
:106180000102014B1A607047003800401CB5002422
:106190004148006840F010003F4908603E48103018
:1061A000006840F400503C49103108600120022191
:1061B00000230246CDE90010C1023848FDF7C1FFB7
:1061C0000120022100230A46CDE900104FF4E041EE
:1061D0003248FDF7B6FF0122D1023048FDF7AAFF91
:1061E00005220C212D48FDF77DFF05220D212B48AE
:1061F000FDF778FF05220E212848FDF773FF26489A
:106200009038006820F4E02023499039086008465F
:106210000068086020484838006840F400501E4973
:10622000483908600846006820F4005008601C489F
:10623000006840F480501A4908604FF0E040184967
:10624000083108600846006840F00F0008600C073D
:1062500000BF44F0806444F0007400BF00BF44F409
:10626000800400BF00BF081D04600D485030006866
:1062700020F001000A49503108600948006840F0E8
:10628000010007490860042000F042F84FF6FF7053
:1062900000F008F81CBD0000E0440258001002584D
:1062A0000034014001460020184A126842F0010201
:1062B000164B1A601A46126842F400721A6000BF48
:1062C000124A1432126802F00202002AF8D00F4A71
:1062D0002032116000BF0D4A1432126802F0010230
:1062E000002AF8D0094A3032126890B2074A1832B0
:1062F000126842F01802054B18331A60034A1268FC
:1063000022F00102014B1A60704700000034014086
:1063100000F007000C49096821F001010A4A1160E8
:1063200009490831096821F0E041074A0832116043
:106330001146096841EA007111600349096841F09A
:106340000101014A11607047003401402DE9F0411C
:1063500004460D4616461F460120134908600020DA
:10636000114910310860104918310860091D086092
:10637000091D08600C4928310860091D08600A4998
:10638000603108600120094908603B4632462946D1
:10639000204600F00DF8FDF707FC00214FF00060EB
:1063A000FFF71CF8BDE8F081004402580881005155
:1063B000F0B504460D4600210020894E366826F0CF
:1063C0000406874F3E60864E0C36366846F480469B
:1063D000834F0C373E6000BF814E0C36366806F4A2
:1063E0000056002EF8D07F4E366846F480367D4F3A
:1063F0003E6001E04E1CB1B27A4E366806F40036BB
:106400001EB947F6FF76B142F4DB47F6FF76B1429C
:1064100001D10120E2E0734E2836366846F00206CC
:10642000704F28373E603E46366846EA05163E60A5
:106430006C4E30363668671E3E436A4F30373E60DA
:106440003E463768561E47EA4626664F30373E605E
:106450003E4637685E1E47EA0646624F30373E606A
:106460003E46366846F080763E603E1F366846F00F
:1064700008063F1F3E603E4636683E603E46366830
:1064800046F440363E60574E366846F08076554FAB
:106490003E6000BF534E366806F00076002EF9D0FD
:1064A000504E2836366846F4C8364E4F28373E6080
:1064B0004C4E3836366840F2B7173E43494F3837AE
:1064C0003E603E46366846F400763E603E4636689C
:1064D00046F080763E60434E2C363668414F2C376E
:1064E0003E603E4636683E603E46366846F40026CC
:1064F0003E603E46366846F400163E60394E4C36E5
:10650000366826F00306374F4C373E603E46366805
:1065100046F002063E60334E366846F08066314FE4
:106520003E6000BF2F4E366806F00066002EF9D0A0
:106530002C4E1836366846F008062A4F18373E604B
:106540003E4636683E60274E1036366846F00306F3
:10655000244F10373E6007E0224E10363668C6F3EF
:10656000C201032900D100E0F6E700BF1E4E3668E5
:1065700046F002061C4F3E603E46366846F0200656
:106580003E60184E1836366846F04006154F1837EC
:106590003E603E1D366846F040063F1D3E603E466A
:1065A000366846F480663E603E1D366846F040061A
:1065B0003F1D3E600B4E366846F08006094F3E6038
:1065C000084EF436366846F00206064FF4373E6051
:1065D000064E366846F00106044F3E60F0BD0000EE
:1065E0000C48025800440258002000522004005871
:1065F00001480249086070470400FA050CED00E00C
:1066000010B50C48006800F0010058B10A4908694B
:10661000804700200749143108604FF47A7005491B
:106620001C3108600348006820F00100014908603F
:1066300010BD000010080040180100207CB5044681
:106640000D463148006840F008002F4908602E4888
:106650000838006840F080002B49083908600220A3
:10666000032100230246CDE900104FF4E0512748F2
:10667000FDF767FD02220A212448FDF733FD0222BF
:106680000B212248FDF72EFD02220C211F48FDF7A9
:1066900029FD1F480460001F05601D481038006870
:1066A00040F001001A491039086008460068086087
:1066B000084600680860081D0068091D0860084653
:1066C000006840F4807008600120114918390860A2
:1066D0000F482038006840F008000D492039086054
:1066E0000846006840F00100086009482C3800683E
:1066F00040F0010006492C390860022332220121B2
:106700001846FEF71BFE7CBDE8440258001C0258E8
:106710002C0C00403449096888B200F00101C9B16D
:1067200031491039096821F001012F4A103A1160EE
:1067300000212D4A14321160111F096821F40071E3
:10674000121F116028491039096841F00101264AD9
:10675000103A116000F00801F9B124490978E9B94B
:1067600021491039096821F001011F4A103A1160CE
:1067700000211D4A14321160111F096841F4007193
:10678000121F116018491039096841F00101164AB9
:10679000103A11600121154A117021E012492C3183
:1067A0000968134A116010491039096821F0010184
:1067B0000D4A103A116000210B4A14321160111F6A
:1067C000096821F40071121F116007491039096826
:1067D00041F00101044A103A11600021034A11708E
:1067E0000021014A11607047100C00401400002085
:1067F0000C0000201CB51048006840F001000E4954
:1068000008600846006840F004000860002003218A
:1068100001230246CDE900104FF4A0710748FDF7AF
:1068200090FC0020032101230246CDE90010C02185
:106830000348FDF786FC1CBDE044025800000258E6
:106840000008025870B505460C461048006840F034
:1068500004000E4908600E480560001F04600C48E3
:106860002038006840F001000949203908600848D4
:106870002C38006840F0010005492C3908600223DB
:106880001E2203210846FEF759FD70BDE844025858
:106890002C080040F8B504460D4616460020B3B259
:1068A000A1B22A460090A020FDF7BAFDF8BD2DE95F
:1068B000F84F04460F4616462009A4EB001000F0DE
:1068C0000F00C0F11005701B00F00F08701BC0F323
:1068D0000F1A4FF00009AE4229D94DB10020A1B2E4
:1068E0002B463A460090A020FDF7B6FE2F442C44DC
:1068F0004FF000090DE00020A1B210233A460090AD
:10690000A020FDF7A9FE1034103709F101001FFA8D
:1069100080F9D145EFDBB8F1000F10D00020A1B213
:1069200043463A460090A020FDF796FE07E000207F
:10693000B3B2A1B23A460090A020FDF78DFEBDE8AB
:10694000F88F00001F49C96901F0200109B31D49F2
:10695000496AC8B21C49098801F40041C9B91A49F9
:10696000098801F4804161B10A2803D00021164A48
:10697000118020E01449098841F40041124A118035
:1069800019E00D2806D11049098841F480410E4ACA
:10699000118010E00C490988C1F30D010B4A5054D5
:1069A00009490988491C084A118011460988C729E4
:1069B00001DD002111800349096A41F00801014A03
:1069C0001162704700100140280000207002002072
:1069D00010B5FFF74DFA012291021348FDF7AAFB0B
:1069E0000120FFF703FB00F023F810490880084658
:1069F00000884EF61971884214D1032000F03EF849
:106A0000044604F0010068B900224FF48061064892
:106A1000FDF790FBB720FFF7B9FA01229102024877
:106A2000FDF788FB10BD0000001802580000002090
:106A300010B5002400224FF480610F48FDF77AFB67
:106A40009020FFF7A3FA0020FFF7A0FA0020FFF73D
:106A50009DFA0020FFF79AFAFF20FFF797FA44EA21
:106A60000024FF20FFF792FA04430122910202481A
:106A7000FDF760FB204610BD0018025870B50446B3
:106A800000250026012C04D0022C04D0032C06D1B2
:106A900003E0052605E0352603E0152601E005267E
:106AA00000BF00BF00224FF480610848FDF742FBA1
:106AB0003046FFF76BFAFF20FFF768FA0546012220
:106AC00091020248FDF736FB284670BD00180258B7
:106AD00003B401984100009850EAC12018BF042077
:106AE0004A0D18BF40F0010040F2FF72B2EB515F57
:106AF00008BF40F00200012808BF052002B070471F
:106B000080F31088704730380A2801D2012070477E
:106B10000020704700BF70474FF0E021096941F045
:106B200004014FF0E0221161014908807047000024
:106B30001C00002070B504461E2094FBF0F086B2C5
:106B40001E2094FBF0F100FB114085B204E01E20F2
:106B500000F030F8701E86B2002EF8D115B128462C
:106B600000F028F870BD00000146114A12884A431F
:106B70004FF0E0235A6100229A611A46126942F0EE
:106B800001021A6100BF4FF0E022106900F001021B
:106B90001AB100F48032002AF5D04FF0E0221269D9
:106BA00022F001024FF0E0231A6100229A6170473F
:106BB0001C0000200021134A128842434FF47A73CC
:106BC0005A434FF0E0235A6100229A611A46126933
:106BD00042F001021A6100BF4FF0E022116901F09A
:106BE00001021AB101F48032002AF5D04FF0E02200
:106BF000126922F001024FF0E0231A6100229A612B
:106C0000704700001C00002000BF054AD26902F056
:106C10004002002AF9D0C2B2014B9A6270470000CC
:106C2000001001401CB504231A460521A020FFF7DF
:106C30008DFBFEF7DFFAC820FFF76EFF4FF46121EE
:106C4000322000F073F82A484168642088472948B8
:106C5000006800210B460A46CDE900100846FBF704
:106C6000D1FCFDF743FBFDF769FDFFF7D9F9FFF70D
:106C70008DFAFEF771FEFEF785FDFFF7BBFDFDF710
:106C8000C3F8FBF791FCFBF70FFCFEF715F8FDF7D7
:106C9000F1F9FDF753F8FFF79BFEFCF73BFFFBF71D
:106CA0003BFBFEF7D3FB0020034602460146009063
:106CB000FCF786F80120FEF7FFF80220FEF7FCF84B
:106CC000FDF782F909214FF0FF30FFF7B7FC0122F1
:106CD00004210948FDF72EFA012210210648FDF78C
:106CE00029FA012208210448FDF724FA00BFFEE733
:106CF00018010020180000200018025801460868FA
:106D0000704700000FB408B50748007840B103A8E9
:106D1000009000990298F9F7C1FE0020009000BF92
:106D200001B05DF814FB0000200000207CB5054692
:106D30000C462E48684300EB5400B0FBF4F62C4898
:106D4000006840F001002A490860294810300068B6
:106D500040F010002649103108600722092125481B
:106D6000FDF7C0F907220A212248FDF7BBF90120EF
:106D7000032100230222CDE9001049021D48FDF73E
:106D8000E0F91D48C66000201B49086008460068FD
:106D90000860084600680860084600680860084601
:106DA000006840F0080008600846006840F00400F1
:106DB00008600846006840F0200008600223252291
:106DC00003210846FEF7BAFA0B48806840F08000BD
:106DD000094988600846806840F04000886008469D
:106DE000006840F0010008607CBD000040420F00D8
:106DF000E0440258000002580010014030B5B7B01E
:106E0000054635AB34AA1AA9284600F03BFA0446D9
:106E100014B1204637B030BD0020369026E022491C
:106E200009689DF8D82001EBC20135AB33AA486848
:106E300001A900F027FA04460CB12046EAE71AA996
:106E400001A800F0D9FC60B99DF8CC009DF8D010E5
:106E5000884201DD0220DDE79DF8D80012498875DF
:106E60000AE09DF8D800401CC0B236900E48007D64
:106E70009DF8D8108842D2DC00BF0B48007D9DF8F9
:106E8000D810884201D10420C4E736A9284600F072
:106E9000D9FA04460CB12046BCE79DF8D800024957
:106EA00048750020B6E70000180100202DE9F041E8
:106EB000ACB09A48847D007DA04202DC2CB0BDE8D5
:106EC000F0819649096801EBC40107AB08AA48683C
:106ED00009A900F0D7F909A991A0FFF713FF00262F
:106EE00044E08E48008B0121B1400840D8B12221F6
:106EF0008DA0FFF707FF304600F02AFB87492431B9
:106F00004718394689A0FFF7FDFE222186A0FFF72A
:106F1000F9FE304600F01CFB80492431084422A9C8
:106F200041F8260018E0304600F012FB7B4924317E
:106F3000085822A941F826007848C07D30B922A817
:106F400050F826107AA0FFF7DDFE05E022A850F8E1
:106F5000261078A0FFF7D6FE9DF82000401EB04214
:106F600002D076A0FFF7CEFE701CC6B29DF82000BE
:106F70008642B6DB72A0FFF7C5FE00F039FB67481A
:106F8000407D0B280DD2DFE800F0060D151E2732DC
:106F90003F4E5F7287006149096851F834008047AD
:106FA000054690E05D4A126852F8341022988847EE
:106FB000054688E0594B1B6853F83420DDE922016F
:106FC000904705467FE0554F3F6857F8343022A878
:106FD00007C89847054676E0DFF840C1DCF800C0F6
:106FE0005CF8347022A80FC8B84705466BE02698B5
:106FF000DFF828C10090DCF800C05CF8347022A8EB
:107000000FC8B84705465EE0DDE92601DFF80CC190
:10701000CDE90001DCF800C05CF8347022A80FC88C
:10702000B84705464FE0DDE926122898DFF8ECC0A6
:10703000CDE900120290DCF800C05CF8347022A8A0
:107040000FC8B84705463EE0DDE92623DDE92810F4
:10705000DFF8C8C0CDE90023CDE90210DCF800C09C
:107060005CF8347022A80FC8B84705462BE0DDE96C
:107070002723DDE92910CDE90123CDE90310269866
:10708000DFF898C00090DCF800C05CF8347022A8EB
:107090000FC8B847054616E0DDE92823DDE92A10C8
:1070A000CDE90223CDE90410DDE92601DFF86CC04B
:1070B000CDE90001DCF800C05CF8347022A80FC8EC
:1070C000B847054600BF00BF00F052FA9DF81C000B
:1070D00001280BD11148C07D20B9294619A0FFF71E
:1070E00011FE03E0294619A0FFF70CFE0B4890F8AB
:1070F000500188B10948D0F854010A21B0FBF1F2DF
:1071000001FB12070548D0F85401B0FBF1F83A46EC
:10711000414611A0FFF7F6FD00BFCFE618010020A1
:107120000D0A257328000000256300002573000068
:10713000256C6400307825302E3258002C00000079
:10714000290D0A003D256C753B0D0A003D30782560
:10715000302E32580D0A000046756E6374696F6EEA
:107160002052756E2054696D653A25642E25316470
:107170006D730D0A00000000F0B5034615460020AF
:107180000022002600245BE01F782C2F01D104B9D7
:1071900001221F78292F01D01F780FB904B950E0C0
:1071A000002E3AD11F78302F02DB1F78392F17DDE0
:1071B0001F782D2F14D01F782B2F11D01F78612FFF
:1071C00002DB1F78662F0BDD1F78412F02DB1F7853
:1071D000462F05DD1F78582F02D01F78782F0CD14D
:1071E00002B12EE01F78612F03DB1F78203F0F7064
:1071F00001E01F780F70491C1FE01F78222F04D177
:1072000002B11EE00126012417E01F78202F14D0C0
:107210001F782C2F11D0FF2613E01F78222F00D1CA
:10722000002402B10DE044B11F785C2F02D15B1C39
:10723000471CF8B21F780F70491C471CF8B25B1C42
:10724000A2E700BF00270F702E70F0BD10B50446F6
:10725000002010700BE020780870641C491C107826
:10726000401C10701078984201DB012010BD20787E
:10727000202802D020780028EDD10020087000BF1F
:10728000F4E700002DE9FF4F85B0804689460027CE
:10729000002004900390012002904FF0000B002585
:1072A00044461DE02078202816D005F07F000528F0
:1072B00012DA0DB945F0800505F07F00042803D1EE
:1072C00020782A2800D00EE0207805F07F010DF804
:1072D0000100681CC5B202E0852D00D103E0641CEA
:1072E00020780028DED100BF8DB1002005F07F019D
:1072F0000DF8010051A1684600F07EFA18B900218E
:107300000898017002E001210898017000254FF0F3
:10731000000A444614E0641C0AF1010000F0FF0A70
:107320002078202802D020782A2809D1204600F091
:10733000D5F90646282E03D02A2E01D0CDF810A06C
:107340002078282802D020780028E4D144460498E8
:1073500010B10498401C04444FF0000A002654E089
:10736000207810B94FF0010A50E02078282803D186
:1073700016B9781CC7B213E02078292808D13EB985
:1073800017B1781EC7B201E04FF0010A47B93DE0DE
:107390002078222804D10EB9012000E00020064602
:1073A00047B9207820282FD0207889F8000009F1EB
:1073B000010929E020782C2804D101200290681CC2
:1073C000C5B214E02078202811D0207828280ED0CB
:1073D0004DB9BBF1050F06DA20780DF80B000BF163
:1073E000010000F0FF0B0298401CC0B20290012F78
:1073F0000AD10298022807D10298401CC0B202901C
:107400000398401CC0B20390641CA9E700BF039816
:10741000012809D100200DF80B0008A1684600F0F2
:10742000EBF908B900200390079903980870002031
:1074300089F80000504609B0BDE8F08F766F6964A6
:10744000000000002DE9F043CEB005460F460024B1
:10745000002604E000213D488155701CC6B20A2E6A
:10746000F8DB06E06D1C287818B901204EB0BDE8A5
:10747000F08328782828F5D16D1C61E04DAA694673
:107480002846FFF779FE064635449DF8340120B1C1
:10749000012827D0FF284CD149E09DF8000000B317
:1074A0004CA9684600F025F906460EB10220DDE73A
:1074B000204600F04DF825490A314C9A0A50A1F1B6
:1074C0002400008B0121A140884320491A390883F8
:1074D00004211E480155601CC4B20A2C01DD0320A2
:1074E000C4E726E0684600F0A3F9401C00F0FF085E
:1074F000204600F02DF815490A3100EB01094946F4
:10750000684600F08AF911481A38018B0120A04022
:10751000014388B20D491A3908830C4800F80480E9
:10752000601CC4B20A2C01DD03209FE701E00220A9
:107530009CE700BF2878292801D0287800B900E00E
:107540009CE700BF3C70002090E700003201002063
:1075500002460020002105E0044B5B5C0344D8B2E6
:107560004B1CD9B29142F7DB70470000320100207A
:107570000D48006800F0010040B10C48D0F85401FB
:107580004FF6FF7108440949C1F854010748D0F883
:10759000540105491431096808440449C1F85401EB
:1075A0000846D0F854017047100800401801002028
:1075B00010B5044604EBC40000EB04100122C2EB3A
:1075C000800081B24FF47A70FFF73CF90020014946
:1075D000C87510BD1801002010B50246012000E05A
:1075E00050430B1EA1F10104E1B2F9D110BD00001E
:1075F0000948006820F00100074908604FF6FF7055
:1076000005491C3108600020034914310860034912
:10761000C1F8540170470000100800401801002014
:1076200070B51D48008800F40040002833D01A4887
:107630000578002019494855194881681748884736
:1076400004461CB91649C868804721E0134800F079
:10765000FBF80546012D00D02C46CCB1012C06D0FC
:10766000022C08D0032C0AD0042C10D10BE00DA062
:10767000FFF748FB0BE00EA0FFF744FB07E00FA06D
:10768000FFF740FB03E010A0FFF73CFB00BF00BF8B
:1076900000200149088070BD2800002070020020F1
:1076A00018010020BAAFCAFDB4EDCEF3210D0A00D7
:1076B000B2CECAFDB4EDCEF3210D0A00B2CECAFDA2
:1076C000CCABB6E0210D0A00CEB4D5D2B5BDC6A56F
:1076D000C5E4B5C4BAAFCAFD210D0A000146491C74
:1076E00000E0491C0878202801D10029F9D1087848
:1076F00070472DE9F04F05460F4600264FF00A0966
:10770000B3462C460020386034E02078392802DC6B
:107710002078302811DA28782D2802D028782B28D4
:1077200000D156B12078462802DC2078412804DABE
:107730002078582817D1012E15D12078412801DB57
:107740004FF0100928782D2803D14FF0020B6D1C43
:107750000FE028782B2803D14FF0010B6D1C08E0B7
:10776000701CC6B205E0207800B904E00120BDE835
:10777000F08F641CC9E700BF2C46B9F1100F0FD180
:10778000032E01DA0220F2E72078302806D1607853
:10779000582803D1A41CB01EC6B204E00320E6E7BB
:1077A0000EB90420E3E71BE00EB1701EC6B22078CC
:1077B000392806DC2078302803DB2078A0F1300A55
:1077C00002E02078A0F1370A31464846FFF704FF6F
:1077D00039680AFB00103860641C207800B900E0AA
:1077E000E2E700BFBBF1020F04D13868C0F1000826
:1077F000C7F800800020BAE702460AE010780B784C
:10780000984201D001207047107800B902E0521C64
:10781000491CF3E700BF0020F5E706E002780A7094
:10782000027802B902E0401C491CF7E700BF70472C
:107830000146002005E00A7802B903E0421CD0B2FC
:10784000491CF8E700BF704710B59EB0044664239A
:107850001DAA04A92046FFF7F9FC0190019810B178
:1078600001201EB010BD9DF87400044400201D903E
:107870000EE040489DF8742050F8221004A8FFF74D
:10788000BBFF00B908E09DF87400401CC0B21D9019
:107890009DF874000728ECD300BF9DF874000728FA
:1078A00063D2DFE800F004053C5E6564630000BF5E
:1078B00031A0FFF727FA31A0FFF724FA3FA0FFF726
:1078C00021FA4EA0FFF71EFA5CA0FFF71BFA6BA08F
:1078D000FFF718FA79A0FFF715FA87A0FFF712FA59
:1078E0008CA0FFF70FFA94A0FFF70CFA98A0FFF70F
:1078F00009FA9DA0FFF706FAA2A0FFF703FAA8A0D5
:10790000FFF700FAB4A0FFF7FDF9C1A0FFF7FAF9FD
:10791000CCA0FFF7F7F9D8A0FFF7F4F9A2E216A080
:10792000FFF7F0F9E4A0FFF7EDF900201D900EE05D
:10793000F14800689DF8742000EBC2004168EFA098
:10794000FFF7E0F99DF87400401CC0B21D90EA48B2
:10795000007D9DF874108842EADC07A0FFF7D2F999
:1079600080E205A0FFF7CEF9CCE179E24DE221E219
:10797000F4E100002C0000200D0A00002D2D2D2D1B
:107980002D2D2D2D2D2D2D2D2D2D2D2D2D2D2D2D27
:107990002D2D2D2D55534D4152542056332E332D20
:1079A0002D2D2D2D2D2D2D2D2D2D2D2D2D2D2D2D07
:1079B0002D2D2D2D2D2D2D200D0A000020202020D5
:1079C00055534D415254CAC7D3C9414C49454E54F1
:1079D000454BBFAAB7A2B5C4D2BBB8F6C1E9C7C967
:1079E000B5C4B4AEBFDAB5F7CAD4BBA5BDBBD7E941
:1079F000BCFE2CCDA8B9FD200D0A0000CBFC2CC488
:107A0000E3BFC9D2D4CDA8B9FDB4AEBFDAD6FACAA5
:107A1000D6B5F7D3C3B3CCD0F2C0EFC3E6B5C4C874
:107A2000CEBACEBAAFCAFD2CB2A2D6B4D0D02ED226
:107A3000F2B4CB2CC4E3BFC90D0A0000D2D4CBE60C
:107A4000D2E2B8FCB8C4BAAFCAFDB5C4CAE4C8EB48
:107A5000B2CECAFD28D6A7B3D6CAFDD7D6283130B4
:107A60002F3136BDF8D6C62CD6A7B3D6B8BACAFDC4
:107A700029A1A2D7D6B7FBB4AE0D0A00A1A2BAAF16
:107A8000CAFDC8EBBFDAB5D8D6B7B5C8D7F7CEAA06
:107A9000B2CECAFD292CB5A5B8F6BAAFCAFDD7EE4D
:107AA000B6E0D6A7B3D63130B8F6CAE4C8EBB2CE4A
:107AB000CAFD2CB2A2D6A7B3D60D0A00BAAFCAFD32
:107AC000B7B5BBD8D6B5CFD4CABE2ED6A7B3D6B21B
:107AD000CECAFDCFD4CABEBDF8D6C6C9E8D6C3B992
:107AE000A6C4DC2CD6A7B3D6BDF8D6C6D7AABBBBD6
:107AF000B9A6C4DC2E0D0A00BCBCCAF5D6A7B3D605
:107B00003A7777772E6F70656E6564762E636F6D4A
:107B10000D0A000055534D415254D3D037B8F6CF1B
:107B2000B5CDB3C3FCC1EE28B1D8D0EBD0A1D0B451
:107B3000293A0D0A000000003F3A20202020202092
:107B4000BBF1C8A1B0EFD6FAD0C5CFA20D0A000094
:107B500068656C703A202020BBF1C8A1B0EFD6FA5E
:107B6000D0C5CFA20D0A00006C6973743A202020A2
:107B7000BFC9D3C3B5C4BAAFCAFDC1D0B1ED0D0AF8
:107B80000A00000069643A2020202020BFC9D3C326
:107B9000BAAFCAFDB5C44944C1D0B1ED0D0A0A005F
:107BA0006865783A20202020B2CECAFD3136BDF873
:107BB000D6C6CFD4CABE2CBAF3B8FABFD5B8F12B0B
:107BC000CAFDD7D6BCB4D6B4D0D0BDF8D6C6D7AAD5
:107BD000BBBB0D0A0A0000006465633A2020202028
:107BE000B2CECAFD3130BDF8D6C6CFD4CABE2CBA8B
:107BF000F3B8FABFD5B8F12BCAFDD7D6BCB4D6B40A
:107C0000D0D0BDF8D6C6D7AABBBB0D0A0A0000006B
:107C100072756E74696D653A312CBFAAC6F4BAAF3D
:107C2000CAFDD4CBD0D0BCC6CAB13B302CB9D8B178
:107C3000D5BAAFCAFDD4CBD0D0BCC6CAB13B0D0AB1
:107C40000A000000C7EBB0B4D5D5B3CCD0F2B1E098
:107C5000D0B4B8F1CABDCAE4C8EBBAAFCAFDC3FB21
:107C6000BCB0B2CECAFDB2A2D2D4BBD8B3B5BCFCB4
:107C7000BDE1CAF82E0D0A002D2D2D2D2D2D2D2DF7
:107C80002D2D2D2D2D2D2D2D2D2D2D2D2D2D2D2D24
:107C90002D2D414C49454E54454B2D2D2D2D2D2D2F
:107CA0002D2D2D2D2D2D2D2D2D2D2D2D2D2D2D2D04
:107CB0002D2D2D200D0A00002D2D2D2D2D2D2D2D9E
:107CC0002D2D2D2D2D2D2D2D2D2D2D2D2D2D2D2DE4
:107CD0002DBAAFCAFDC7E5B5A52D2D2D2D2D2D2D06
:107CE0002D2D2D2D2D2D2D2D2D2D2D2D2D2D2D2DC4
:107CF0002D2D2D2D200D0A001801002025730D0AB1
:107D00000000000059A0FEF7FDFF00201D901AE0C2
:107D1000664909689DF8742001EBC20102AB03AA11
:107D2000486804A9FFF7AEFA604800689DF874102F
:107D300050F8312004A95EA0FEF7E4FF9DF874001E
:107D4000401CC0B21D905948007D9DF874108842B7
:107D5000DEDCAFF2DC30FEF7D5FF83E0AFF2E830D7
:107D6000FEF7D0FF1DAA04A92046FFF705FA9DF8EB
:107D70007400C8B901A904A8FFF7BBFC1D909DF8C9
:107D8000740020B94FA00199FEF7BCFF0EE09DF8EA
:107D90007400042801D0022063E54DA0FEF7B2FF75
:107DA00001204249C87501E002205AE547A0FEF7CC
:107DB000A9FF57E045A0FEF7A5FF1DAA04A920468C
:107DC000FFF7DAF99DF87400C8B901A904A8FFF714
:107DD00090FC1D909DF8740020B942A00199FEF717
:107DE00091FF0EE09DF87400042801D0022038E5D0
:107DF0003FA0FEF787FF00202C49C87501E0022054
:107E00002FE532A0FEF77EFF2CE030A0FEF77AFFD0
:107E10001DAA04A92046FFF7AFF99DF87400C8B960
:107E200001A904A8FFF765FC1D909DF8740078B9BE
:107E30001E49019881F85001084690F8500118B188
:107E400030A0FEF75FFF07E035A0FEF75BFF03E021
:107E5000022006E5022004E51CA0FEF753FF01E026
:107E60000120FEE400BF0020FBE400002D2D2D2D9D
:107E70002D2D2D2D2D2D2D2D2D2D2D2D2D2D2D2D32
:107E80002D2D2D2D2DBAAFCAFD204944202D2D2D8D
:107E90002D2D2D2D2D2D2D2D2D2D2D2D2D2D2D2D12
:107EA0002D2D2D2D2D2D2D2D200D0A0018010020FA
:107EB00025732069642069733A0D0A3058253038DB
:107EC000580D0A004845583A305825580D0A000008
:107ED0003136BDF8D6C6B2CECAFDCFD4CABE210D4A
:107EE0000A0000004445433A256C750D0A00000065
:107EF0003130BDF8D6C6B2CECAFDCFD4CABE210D30
:107F00000A00000052756E2054696D652043616C53
:107F100063756C6174696F6E204F4E0D0A0000002E
:107F200052756E2054696D652043616C63756C6198
:107F300074696F6E204F46460D0A0000016070475D
:107F400010B500290AD00878002807D005487844E1
:107F5000F9F7E6FD002801D0002010BD0248784462
:107F600010BD0000C6060000BE06000010B50029C6
:107F70000AD00878002807D005487844F9F7D0FDE2
:107F8000002801D0002010BD0248784410BD000038
:107F9000B6060000AE0600004FF00000E1EE100A49
:107FA00070470000064A21EA020120EA0202F1EECF
:107FB000100A20EA020282EA0102E1EE102A70476A
:107FC00060603FF6F9F728B8F9F7D6BA0400000860
:107FD000000000000000000200010000100000008E
:107FE00000000000000000003031323334353637F5
:107FF00038394142434445464030580030313233ED
:1080000034353637383961626364656640307800EC
:1080100030313233343536373839616263646566FE
:108020007870003031323334353637383941424395
:10803000444546585000000002400000000000A0E7
:108040000000000005400000000000C80000000023
:108050000C4000000000409C00000000194000009F
:108060000020BCBE0000000034400000BFC91B8ED1
:1080700000000004B5400000504BCFD06607E2CFAF
:10808000010000006C4100003E8251AADFEEA734DF
:1080900001000000D9420000DCB5A0E23A301F9791
:1080A000FFFFFFFFB4450000FD25A0C8E9A3C14FB5
:1080B000FFFFFFFFFF3F0000000000800000000006
:1080C000FF3F0000000000800000000056524546BF
:1080D000313A45787465726E616C207265666572BE
:1080E000656E63652073656C656374656420757384
:1080F000696E6720746865205245465020616E6441
:10810000205245464E20696E707574730D0A00004A
:108110003F000000646563006964000072756E745E
:10812000696D650068656C70000000006C697374AF
:108130000000000068657800766F69642050474150
:108140003834395F73657428753820767265663007
:108150006F72315F32352C7538206761696E2C750E
:108160003820414447313430395F41305F41312953
:1081700000000000766F6964204141465F736574BA
:108180005F494F28753820494F5F5357335F41305F
:108190002C753820494F5F5357335F41312C753868
:1081A00020494F5F5357335F41322C753820494F78
:1081B0005F5357345F41302C753820494F5F535718
:1081C000345F41312C753820494F5F5357345F413C
:1081D00032290000766F696420504F5745525F5234
:1081E00045414428766F696429000000666C6F6120
:1081F0007420414453313231395F526561645F7696
:108200006F6C28766F69642900000000766F6964DE
:10821000204348343436515F526573657428766F55
:1082200069642900766F69642044697343686172E8
:1082300067655F496E697428766F6964290000007C
:10824000666C6F617420526561645F507573652858
:108250007538206D6F64652900000000766F6964D1
:10826000205265735F4D6561732875382072616EA9
:1082700067652C7538206E756D6265722C753820B7
:108280006D6F646529000000766F69642041445376
:10829000313231395F696E6974287538206D7578AF
:1082A0002C7538206761696E2C75382064722C75C6
:1082B0003820636D2C7538207672656629000000C1
:1082C000766F6964204348343436515F4D49585FB6
:1082D000434F4E54524F4C2875382063732C7538D9
:1082E0002061782C75382061792C7538206F6E5F8D
:1082F0006F66662900000000666C6F61742052652D
:1083000061645F4D63755F4144432875382063683D
:1083100029000000766F696420414443315F325F79
:10832000496E69742875382073696D70722C7531C7
:1083300036204F5356522C207538204F5653532C0D
:108340007538204A4F5653452C753820524F565396
:10835000452C75333220206C656E677468290000E7
:10836000766F6964204361705F4D6561735F7377F9
:108370002875382072616E67652C7538206E756DB2
:108380006265722C7538206D6F64652C75313620EE
:108390006C6F772C7531362068692900766F6964B7
:1083A00020504F5745525F53455428753820706F01
:1083B000775F656E2C753820706F775F656E312C36
:1083C000753820706F775F656E322C753820707746
:1083D00072656E5F6C696E6B29000000766F696470
:1083E0002077726974655F61646472287533322026
:1083F000616464722C7533322076616C2900000050
:10840000766F696420446163315F5365745F566FB2
:108410006C287538204C5F522C75333220766F6C87
:1084200029000000766F69642044697343686172B3
:1084300067655F534554287538204A315F656E2C57
:108440007538204A325F656E29000000766F6964D6
:10845000204144393833335F53657446726571285F
:10846000753332205F6672657129000075333220E2
:10847000726561645F61646472287533322061647F
:1084800064722900766F6964204447343035324580
:1084900045515F536574287538207365745F726544
:1084A00073290000766F69642064656C61795F6D83
:1084B0007328753136206E6D73290000766F6964FC
:1084C0002064656C61795F757328753332206E7531
:1084D00073290000766F6964204144393833335F73
:1084E00053656C65637457617665287538207365CC
:1084F0006C65637429000000766F69642041444311
:108500005F4255464645525F5245414428753820E2
:108510006D6F64656C2C696E7433325F74204164D6
:10852000635F5A65726F5F4F6666736574290000FA
:10853000766F6964204D435034373235415F53655F
:10854000745F44414328753820636869705F6E75B5
:108550006D622C75382077726974655F6D6F646524
:108560002C7538206F75745F7075745F6D6F6465FE
:108570002C753136206461635F6F757429000000CB
:10858000766F6964204D435034373235415F53650F
:10859000745F566F6C74616765287538206368690D
:1085A000705F6E756D622C75382077726974655FC7
:1085B0006D6F64652C7538206F75745F7075745FAE
:1085C0006D6F64652C75313620766F6C5F6F7574D6
:1085D0002900000040870008000000207002000011
:1085E000D402000830880008000000240090060033
:1085F000D4020008609500080000003000E001008F
:10860000D4020008308800087002002028C1000051
:10861000300300081C00000043000000F8FFFFFFCB
:108620000C0000000E0000000F0000002E000000F3
:108630001001000043000000F8FFFFFF0040404031
:108640004040404040404141414141404040404025
:1086500040404040404040404040404040050202D1
:108660000202020202020202020202020220202090
:1086700020202020202020020202020202029090EC
:1086800090909090101010101010101010101010EA
:10869000101010101010101002020202020288883E
:1086A000888888880808080808080808080808084A
:1086B0000808080808080808020202024000000032
:1086C00000000000000000000000000000000000AA
:1086D000000000000000000000000000000000009A
:1086E000000000000000000000000000000000008A
:1086F000000000000000000000000000000000007A
:108700000000000000000000000000000000000069
:108710000000000000000000000000000000000059
:108720000000000000000000000000000000000049
:108730000000000000000000000000000000000039
:108740003319EF0510010203046278B2011310819E
:108750001B0824041A2C041A18041A34041A1404CA
:108760001A1C0413FD6C14086C8414083D7F140853
:10877000DC831408356B1B08A4101A69081ABC089E
:10878000139D581B089C181A1D081AD43013F55451
:108790001B0838081371321C08C0823012391B08BC
:1087A0000C08134D3F120819301B05265C193013B5
:1087B000112B1B08F81013C12D1B08882013B92C8E
:1087C0001B08EC3813493E1B0884181BCD24501994
:1087D000081325251B084C08135D4E1C088085785E
:1087E000124D1B08300813A15A1B0840381A0908FB
:1087F0001AF80813B5231B0874401AC9681A241004
:108800001B0D40081938131D5B1B085C1013C53B7A
:108810001B08607822481C20B175D8126D1408AD71
:108820006E1408217623081A02FF0101410000009E
:1088300001FF01FF01FF01FF01FF01FF01FF01FF38
:1088400001FF01FF01FF01FF01FF01FF01FF01FF28
:1088500001FF01FF01FF01FF01FF01FF01FF01FF18
:1088600001FF01FF01FF01FF01FF01FF01FF01FF08
:1088700001FF01FF01FF01FF01FF01FF01FF01FFF8
:1088800001FF01FF01FF01FF01FF01FF01FF01FFE8
:1088900001FF01FF01FF01FF01FF01FF01FF01FFD8
:1088A00001FF01FF01FF01FF01FF01FF01FF01FFC8
:1088B00001FF01FF01FF01FF01FF01FF01FF01FFB8
:1088C00001FF01FF01FF01FF01FF01FF01FF01FFA8
:1088D00001FF01FF01FF01FF01FF01FF01FF01FF98
:1088E00001FF01FF01FF01FF01FF01FF01FF01FF88
:1088F00001FF01FF01FF01FF01FF01FF01FF01FF78
:1089000001FF01FF01FF01FF01FF01FF01FF01FF67
:1089100001FF01FF01FF01FF01FF01FF01FF01FF57
:1089200001FF01FF01FF01FF01FF01FF01FF01FF47
:1089300001FF01FF01FF01FF01FF01FF01FF01FF37
:1089400001FF01FF01FF01FF01FF01FF01FF01FF27
:1089500001FF01FF01FF01FF01FF01FF01FF01FF17
:1089600001FF01FF01FF01FF01FF01FF01FF01FF07
:1089700001FF01FF01FF01FF01FF01FF01FF01FFF7
:1089800001FF01FF01FF01FF01FF01FF01FF01FFE7
:1089900001FF01FF01FF01FF01FF01FF01FF01FFD7
:1089A00001FF01FF01FF01FF01FF01FF01FF01FFC7
:1089B00001FF01FF01FF01FF01FF01FF01FF01FFB7
:1089C00001FF01FF01FF01FF01FF01FF01FF01FFA7
:1089D00001FF01FF01FF01FF01FF01FF01FF01FF97
:1089E00001FF01FF01FF01FF01FF01FF01FF01FF87
:1089F00001FF01FF01FF01FF01FF01FF01FF01FF77
:108A000001FF01FF01FF01FF01FF01FF01FF01FF66
:108A100001FF01FF01FF01FF01FF01FF01FF01FF56
:108A200001FF01FF01FF01FF01FF01FF01FF01FF46
:108A300001FF01FF01FF01FF01FF01FF01FF01FF36
:108A400001FF01FF01FF01FF01FF01FF01FF01FF26
:108A500001FF01FF01FF01FF01FF01FF01FF01FF16
:108A600001FF01FF01FF01FF01FF01FF01FF01FF06
:108A700001FF01FF01FF01FF01FF01FF01FF01FFF6
:108A800001FF01FF01FF01FF01FF01FF01FF01FFE6
:108A900001FF01FF01FF01FF01FF01FF01FF01FFD6
:108AA00001FF01FF01FF01FF01FF01FF01FF01FFC6
:108AB00001FF01FF01FF01FF01FF01FF01FF01FFB6
:108AC00001FF01FF01FF01FF01FF01FF01FF01FFA6
:108AD00001FF01FF01FF01FF01FF01FF01FF01FF96
:108AE00001FF01FF01FF01FF01FF01FF01FF01FF86
:108AF00001FF01FF01FF01FF01FF01FF01FF01FF76
:108B000001FF01FF01FF01FF01FF01FF01FF01FF65
:108B100001FF01FF01FF01FF01FF01FF01FF01FF55
:108B200001FF01FF01FF01FF01FF01FF01FF01FF45
:108B300001FF01FF01FF01FF01FF01FF01FF01FF35
:108B400001FF01FF01FF01FF01FF01FF01FF01FF25
:108B500001FF01FF01FF01FF01FF01FF01FF01FF15
:108B600001FF01FF01FF01FF01FF01FF01FF01FF05
:108B700001FF01FF01FF01FF01FF01FF01FF01FFF5
:108B800001FF01FF01FF01FF01FF01FF01FF01FFE5
:108B900001FF01FF01FF01FF01FF01FF01FF01FFD5
:108BA00001FF01FF01FF01FF01FF01FF01FF01FFC5
:108BB00001FF01FF01FF01FF01FF01FF01FF01FFB5
:108BC00001FF01FF01FF01FF01FF01FF01FF01FFA5
:108BD00001FF01FF01FF01FF01FF01FF01FF01FF95
:108BE00001FF01FF01FF01FF01FF01FF01FF01FF85
:108BF00001FF01FF01FF01FF01FF01FF01FF01FF75
:108C000001FF01FF01FF01FF01FF01FF01FF01FF64
:108C100001FF01FF01FF01FF01FF01FF01FF01FF54
:108C200001FF01FF01FF01FF01FF01FF01FF01FF44
:108C300001FF01FF01FF01FF01FF01FF01FF01FF34
:108C400001FF01FF01FF01FF01FF01FF01FF01FF24
:108C500001FF01FF01FF01FF01FF01FF01FF01FF14
:108C600001FF01FF01FF01FF01FF01FF01FF01FF04
:108C700001FF01FF01FF01FF01FF01FF01FF01FFF4
:108C800001FF01FF01FF01FF01FF01FF01FF01FFE4
:108C900001FF01FF01FF01FF01FF01FF01FF01FFD4
:108CA00001FF01FF01FF01FF01FF01FF01FF01FFC4
:108CB00001FF01FF01FF01FF01FF01FF01FF01FFB4
:108CC00001FF01FF01FF01FF01FF01FF01FF01FFA4
:108CD00001FF01FF01FF01FF01FF01FF01FF01FF94
:108CE00001FF01FF01FF01FF01FF01FF01FF01FF84
:108CF00001FF01FF01FF01FF01FF01FF01FF01FF74
:108D000001FF01FF01FF01FF01FF01FF01FF01FF63
:108D100001FF01FF01FF01FF01FF01FF01FF01FF53
:108D200001FF01FF01FF01FF01FF01FF01FF01FF43
:108D300001FF01FF01FF01FF01FF01FF01FF01FF33
:108D400001FF01FF01FF01FF01FF01FF01FF01FF23
:108D500001FF01FF01FF01FF01FF01FF01FF01FF13
:108D600001FF01FF01FF01FF01FF01FF01FF01FF03
:108D700001FF01FF01FF01FF01FF01FF01FF01FFF3
:108D800001FF01FF01FF01FF01FF01FF01FF01FFE3
:108D900001FF01FF01FF01FF01FF01FF01FF01FFD3
:108DA00001FF01FF01FF01FF01FF01FF01FF01FFC3
:108DB00001FF01FF01FF01FF01FF01FF01FF01FFB3
:108DC00001FF01FF01FF01FF01FF01FF01FF01FFA3
:108DD00001FF01FF01FF01FF01FF01FF01FF01FF93
:108DE00001FF01FF01FF01FF01FF01FF01FF01FF83
:108DF00001FF01FF01FF01FF01FF01FF01FF01FF73
:108E000001FF01FF01FF01FF01FF01FF01FF01FF62
:108E100001FF01FF01FF01FF01FF01FF01FF01FF52
:108E200001FF01FF01FF01FF01FF01FF01FF01FF42
:108E300001FF01FF01FF01FF01FF01FF01FF01FF32
:108E400001FF01FF01FF01FF01FF01FF01FF01FF22
:108E500001FF01FF01FF01FF01FF01FF01FF01FF12
:108E600001FF01FF01FF01FF01FF01FF01FF01FF02
:108E700001FF01FF01FF01FF01FF01FF01FF01FFF2
:108E800001FF01FF01FF01FF01FF01FF01FF01FFE2
:108E900001FF01FF01FF01FF01FF01FF01FF01FFD2
:108EA00001FF01FF01FF01FF01FF01FF01FF01FFC2
:108EB00001FF01FF01FF01FF01FF01FF01FF01FFB2
:108EC00001FF01FF01FF01FF01FF01FF01FF01FFA2
:108ED00001FF01FF01FF01FF01FF01FF01FF01FF92
:108EE00001FF01FF01FF01FF01FF01FF01FF01FF82
:108EF00001FF01FF01FF01FF01FF01FF01FF01FF72
:108F000001FF01FF01FF01FF01FF01FF01FF01FF61
:108F100001FF01FF01FF01FF01FF01FF01FF01FF51
:108F200001FF01FF01FF01FF01FF01FF01FF01FF41
:108F300001FF01FF01FF01FF01FF01FF01FF01FF31
:108F400001FF01FF01FF01FF01FF01FF01FF01FF21
:108F500001FF01FF01FF01FF01FF01FF01FF01FF11
:108F600001FF01FF01FF01FF01FF01FF01FF01FF01
:108F700001FF01FF01FF01FF01FF01FF01FF01FFF1
:108F800001FF01FF01FF01FF01FF01FF01FF01FFE1
:108F900001FF01FF01FF01FF01FF01FF01FF01FFD1
:108FA00001FF01FF01FF01FF01FF01FF01FF01FFC1
:108FB00001FF01FF01FF01FF01FF01FF01FF01FFB1
:108FC00001FF01FF01FF01FF01FF01FF01FF01FFA1
:108FD00001FF01FF01FF01FF01FF01FF01FF01FF91
:108FE00001FF01FF01FF01FF01FF01FF01FF01FF81
:108FF00001FF01FF01FF01FF01FF01FF01FF01FF71
:1090000001FF01FF01FF01FF01FF01FF01FF01FF60
:1090100001FF01FF01FF01FF01FF01FF01FF01FF50
:1090200001FF01FF01FF01FF01FF01FF01FF01FF40
:1090300001FF01FF01FF01FF01FF01FF01FF01FF30
:1090400001FF01FF01FF01FF01FF01FF01FF01FF20
:1090500001FF01FF01FF01FF01FF01FF01FF01FF10
:1090600001FF01FF01FF01FF01FF01FF01FF01FF00
:1090700001FF01FF01FF01FF01FF01FF01FF01FFF0
:1090800001FF01FF01FF01FF01FF01FF01FF01FFE0
:1090900001FF01FF01FF01FF01FF01FF01FF01FFD0
:1090A00001FF01FF01FF01FF01FF01FF01FF01FFC0
:1090B00001FF01FF01FF01FF01FF01FF01FF01FFB0
:1090C00001FF01FF01FF01FF01FF01FF01FF01FFA0
:1090D00001FF01FF01FF01FF01FF01FF01FF01FF90
:1090E00001FF01FF01FF01FF01FF01FF01FF01FF80
:1090F00001FF01FF01FF01FF01FF01FF01FF01FF70
:1091000001FF01FF01FF01FF01FF01FF01FF01FF5F
:1091100001FF01FF01FF01FF01FF01FF01FF01FF4F
:1091200001FF01FF01FF01FF01FF01FF01FF01FF3F
:1091300001FF01FF01FF01FF01FF01FF01FF01FF2F
:1091400001FF01FF01FF01FF01FF01FF01FF01FF1F
:1091500001FF01FF01FF01FF01FF01FF01FF01FF0F
:1091600001FF01FF01FF01FF01FF01FF01FF01FFFF
:1091700001FF01FF01FF01FF01FF01FF01FF01FFEF
:1091800001FF01FF01FF01FF01FF01FF01FF01FFDF
:1091900001FF01FF01FF01FF01FF01FF01FF01FFCF
:1091A00001FF01FF01FF01FF01FF01FF01FF01FFBF
:1091B00001FF01FF01FF01FF01FF01FF01FF01FFAF
:1091C00001FF01FF01FF01FF01FF01FF01FF01FF9F
:1091D00001FF01FF01FF01FF01FF01FF01FF01FF8F
:1091E00001FF01FF01FF01FF01FF01FF01FF01FF7F
:1091F00001FF01FF01FF01FF01FF01FF01FF01FF6F
:1092000001FF01FF01FF01FF01FF01FF01FF01FF5E
:1092100001FF01FF01FF01FF01FF01FF01FF01FF4E
:1092200001FF01FF01FF01FF01FF01FF01FF01FF3E
:1092300001FF01FF01FF01FF01FF01FF01FF01FF2E
:1092400001FF01FF01FF01FF01FF01FF01FF01FF1E
:1092500001FF01FF01FF01FF01FF01FF01FF01FF0E
:1092600001FF01FF01FF01FF01FF01FF01FF01FFFE
:1092700001FF01FF01FF01FF01FF01FF01FF01FFEE
:1092800001FF01FF01FF01FF01FF01FF01FF01FFDE
:1092900001FF01FF01FF01FF01FF01FF01FF01FFCE
:1092A00001FF01FF01FF01FF01FF01FF01FF01FFBE
:1092B00001FF01FF01FF01FF01FF01FF01FF01FFAE
:1092C00001FF01FF01FF01FF01FF01FF01FF01FF9E
:1092D00001FF01FF01FF01FF01FF01FF01FF01FF8E
:1092E00001FF01FF01FF01FF01FF01FF01FF01FF7E
:1092F00001FF01FF01FF01FF01FF01FF01FF01FF6E
:1093000001FF01FF01FF01FF01FF01FF01FF01FF5D
:1093100001FF01FF01FF01FF01FF01FF01FF01FF4D
:1093200001FF01FF01FF01FF01FF01FF01FF01FF3D
:1093300001FF01FF01FF01FF01FF01FF01FF01FF2D
:1093400001FF01FF01FF01FF01FF01FF01FF01FF1D
:1093500001FF01FF01FF01FF01FF01FF01FF01FF0D
:1093600001FF01FF01FF01FF01FF01FF01FF01FFFD
:1093700001FF01FF01FF01FF01FF01FF01FF01FFED
:1093800001FF01FF01FF01FF01FF01FF01FF01FFDD
:1093900001FF01FF01FF01FF01FF01FF01FF01FFCD
:1093A00001FF01FF01FF01FF01FF01FF01FF01FFBD
:1093B00001FF01FF01FF01FF01FF01FF01FF01FFAD
:1093C00001FF01FF01FF01FF01FF01FF01FF01FF9D
:1093D00001FF01FF01FF01FF01FF01FF01FF01FF8D
:1093E00001FF01FF01FF01FF01FF01FF01FF01FF7D
:1093F00001FF01FF01FF01FF01FF01FF01FF01FF6D
:1094000001FF01FF01FF01FF01FF01FF01FF01FF5C
:1094100001FF01FF01FF01FF01FF01FF01FF01FF4C
:1094200001FF01FF01FF01FF01FF01FF01FF01FF3C
:1094300001FF01FF01FF01FF01FF01FF01FF01FF2C
:1094400001FF01FF01FF01FF01FF01FF01FF01FF1C
:1094500001FF01FF01FF01FF01FF01FF01FF01FF0C
:1094600001FF01FF01FF01FF01FF01FF01FF01FFFC
:1094700001FF01FF01FF01FF01FF01FF01FF01FFEC
:1094800001FF01FF01FF01FF01FF01FF01FF01FFDC
:1094900001FF01FF01FF01FF01FF01FF01FF01FFCC
:1094A00001FF01FF01FF01FF01FF01FF01FF01FFBC
:1094B00001FF01FF01FF01FF01FF01FF01FF01FFAC
:1094C00001FF01FF01FF01FF01FF01FF01FF01FF9C
:1094D00001FF01FF01FF01FF01FF01FF01FF01FF8C
:1094E00001FF01FF01FF01FF01FF01FF01FF01FF7C
:1094F00001FF01FF01FF01FF01FF01FF01FF01FF6C
:1095000001FF01FF01FF01FF01FF01FF01FF01FF5B
:1095100001FF01FF01FF01FF01FF01FF01FF01FF4B
:1095200001FF01FF01FF01FF01FF01FF01FF01FF3B
:1095300001FF01FF01FF01FF01FF01FF01FF01FF2B
:1095400001FF01FF01FF01FF01FF01FF01FF01FF1B
:1095500001FF01FF01FF01FF01FF01FF0196000074
:1095600001FF01FF01FF01FF01FF01FF01FF01FFFB
:1095700001FF01FF01FF01FF01FF01FF01FF01FFEB
:1095800001FF01FF01FF01FF01FF01FF01FF01FFDB
:1095900001FF01FF01FF01FF01FF01FF01FF01FFCB
:1095A00001FF01FF01FF01FF01FF01FF01FF01FFBB
:1095B00001FF01FF01FF01FF01FF01FF01FF01FFAB
:1095C00001FF01FF01FF01FF01FF01FF01FF01FF9B
:1095D00001FF01FF01FF01FF01FF01FF01FF01FF8B
:1095E00001FF01FF01FF01FF01FF01FF01FF01FF7B
:1095F00001FF01FF01FF01FF01FF01FF01FF01FF6B
:1096000001FF01FF01FF01FF01FF01FF01FF01FF5A
:1096100001FF01FF01FF01FF01FF01FF01FF01FF4A
:1096200001FF01FF01FF01FF01FF01FF01FF01FF3A
:1096300001FF01FF01FF01FF01FF01FF01FF01FF2A
:1096400001FF01FF01FF01FF01FF01FF01FF01FF1A
:1096500001FF01FF01FF01FF01FF01FF01FF01FF0A
:1096600001FF01FF01FF01FF01FF01FF01FF01FFFA
:1096700001FF01FF01FF01FF01FF01FF01FF01FFEA
:1096800001FF01FF01FF01FF01FF01FF01FF01FFDA
:1096900001FF01FF01FF01FF01FF01FF01FF01FFCA
:1096A00001FF01FF01FF01FF01FF01FF01FF01FFBA
:1096B00001FF01FF01FF01FF01FF01FF01FF01FFAA
:1096C00001FF01FF01FF01FF01FF01FF01FF01FF9A
:1096D00001FF01FF01FF01FF01FF01FF01FF01FF8A
:1096E00001FF01FF01FF01FF01FF01FF01FF01FF7A
:1096F00001FF01FF01FF01FF01FF01FF01FF01FF6A
:1097000001FF01FF01FF01FF01FF01FF01FF01FF59
:1097100001FF01FF01FF01FF01FF01FF01FF01FF49
:1097200001FF01FF01FF01FF01FF01FF01FF01FF39
:1097300001FF01FF01FF01FF01FF01FF01FF01FF29
:1097400001FF01FF01FF01FF01FF01FF01FF01FF19
:1097500001FF01FF01FF01FF01FF01FF01FF01FF09
:1097600001FF01FF01FF01FF01FF01FF01FF01FFF9
:1097700001FF01FF01FF01FF01FF01FF01FF01FFE9
:1097800001FF01FF01FF01FF01FF01FF01FF01FFD9
:1097900001FF01FF01FF01FF01FF01FF01FF01FFC9
:1097A00001FF01FF01FF01FF01FF01FF01FF01FFB9
:1097B00001FF01FF01FF01FF01FF01FF01FF01FFA9
:1097C00001FF01FF01FF01FF01FF01FF01FF01FF99
:1097D00001FF01FF01FF01FF01FF01FF01FF01FF89
:1097E00001FF01FF01FF01FF01FF01FF01FF01FF79
:1097F00001FF01FF01FF01FF01FF01FF01FF01FF69
:1098000001FF01FF01FF01FF01FF01FF01FF01FF58
:1098100001FF01FF01FF01FF01FF01FF01FF01FF48
:1098200001FF01FF01FF01FF01FF01FF01FF01FF38
:1098300001FF01FF01FF01FF01FF01FF01FF01FF28
:1098400001FF01FF01FF01FF01FF01FF01FF01FF18
:1098500001FF01FF01FF01FF01FF01FF01FF01FF08
:1098600001FF01FF01FF01FF01FF01FF01FF01FFF8
:1098700001FF01FF01FF01FF01FF01FF01FF01FFE8
:1098800001FF01FF01FF01FF01FF01FF01FF01FFD8
:1098900001FF01FF01FF01FF01FF01FF01FF01FFC8
:1098A00001FF01FF01FF01FF01FF01FF01FF01FFB8
:1098B00001FF01FF01FF01FF01FF01FF01FF01FFA8
:1098C00001FF01FF01FF01FF01FF01FF01FF01FF98
:1098D00001FF01FF01FF01FF01FF01FF01FF01FF88
:1098E00001FF01FF01FF01FF01FF01FF01FF01FF78
:1098F00001FF01FF01FF01FF01FF01FF01FF01FF68
:1099000001FF01FF01FF01FF01FF01FF01FF01FF57
:1099100001FF01FF01FF01FF01FF01FF01FF01FF47
:0499200001FF01E161
:040000050800029954
:00000001FF
